model,strategy,sharpe_gross,sharpe_net,breakeven_cost_mult,ann_ret_net_volunits,maxdd,cost_share
transformer,t+1 close-to-close (NOT executable across time zones),7.518467306531622,0.28426422587512634,1.0397358785837458,0.7134883432211986,-11.732312049941752,0.9617827186670992
transformer,t+2 one-day execution lag,1.3894969800388441,-4.954124151073269,0.21710740394640196,-11.37990723996742,-197.3854513909915,4.606015187979832
transformer,"5d horizon, 1-day lag, 5d smoothing",0.9808489370509463,0.032451156099850234,1.034215454621692,0.057808739820209745,-8.490203318152059,0.9669165119619996
transformer,"5d horizon, 1-day lag, slow (hl=20d)",0.8145357482999013,0.3774145898380889,1.8632807767264907,0.46224876739130466,-3.7765747511151244,0.5366877673459672
linear ridge,t+1 close-to-close (NOT executable across time zones),7.570655266257457,0.28956968825176255,1.040235013672168,0.7232606032463186,-11.73231204994176,0.9613212272771582
linear ridge,t+2 one-day execution lag,1.5098582024990086,-4.842572349015734,0.2355390695777608,-10.964328012071073,-190.10074223750843,4.2455801570102585
linear ridge,"5d horizon, 1-day lag, 5d smoothing",1.1030303511003028,0.007633324545298136,1.0069710172745556,0.011959462846628167,-8.490203318152062,0.9930772413952655
linear ridge,"5d horizon, 1-day lag, slow (hl=20d)",0.8422856896693662,0.30831026757729335,1.5773157570337701,0.31544848769500605,-3.7765830714848194,0.6339884677755045
transformer,"mispricing reversion, 1-day lag, hl=5d",1.3012987316050666,-1.4800323371172004,0.4674463034932723,-1.109458137655558,-19.2218024960483,2.1392831487315256
transformer,"mispricing reversion, 1-day lag",1.5289562237225975,-5.979370444474112,0.20155453946810958,-8.687562888282928,-150.51547448509265,4.961436257595292
linear ridge,"mispricing reversion, 1-day lag, hl=5d",1.106734040219897,-1.3555785546779051,0.4492302819414881,-1.1403258239236829,-19.756597409725405,2.2260298118777513
linear ridge,"mispricing reversion, 1-day lag",1.423201383054837,-5.813710778711134,0.19493568274314205,-8.721828614086727,-151.10914178215347,5.129897132879745
