ticker,cls,r2_transformer,r2_linear,gain
USGG3M Index,rates,0.0009178519,-0.0530504,0.05396825
USGG12M Index,rates,0.24395245,0.29904985,-0.0550974
USGG2YR Index,rates,0.70428777,0.8430436,-0.13875586
USGG3YR Index,rates,0.8001826,0.88745505,-0.087272465
USGG5YR Index,rates,0.8802277,0.9532046,-0.07297689
USGG7YR Index,rates,0.8942176,0.5638366,0.33038104
USGG10YR Index,rates,0.91031384,0.98201233,-0.07169849
H15T20Y Index,rates,0.77445185,0.89448744,-0.12003559
USGG30YR Index,rates,0.79305387,0.9315548,-0.13850093
FF3 Comdty,rates,0.16526109,0.34989476,-0.18463367
FF6 Comdty,rates,0.42057914,0.6461904,-0.22561127
FF12 Comdty,rates,0.43694288,0.6879862,-0.25104332
FEDL01 Index,rates,-0.0767138,-0.115549445,0.038835645
IRRBIOER Index,rates,-0.20712864,-0.008801341,-0.1983273
MOVE Index,vol,0.19704288,0.06679875,0.13024414
USGGT05Y Index,inflation,0.51180136,0.8322929,-0.32049155
USGGT10Y Index,inflation,0.72659034,0.9397242,-0.21313387
USGGT30Y Index,inflation,0.6653323,0.8565662,-0.19123387
USGGBE05 Index,inflation,0.5181836,0.81718427,-0.29900068
USGGBE10 Index,inflation,0.51845807,0.8836391,-0.36518103
FWISUS55 Index,inflation,0.06671989,0.21346164,-0.14674175
USSWIT1 Curncy,inflation,0.34650022,0.50133,-0.1548298
USSWIT2 Curncy,inflation,0.38052112,0.5964004,-0.21587926
FWISEU55 Index,inflation,0.08689189,0.03359866,0.05329323
GUKGIN10 Index,inflation,0.4490311,0.60512125,-0.15609014
TIP US Equity,inflation,0.343866,0.83456254,-0.49069655
GDBR2 Index,rates,0.4652171,0.71289885,-0.24768174
GDBR5 Index,rates,0.7090647,0.8374361,-0.12837136
GDBR10 Index,rates,0.8020212,0.8886624,-0.08664119
GDBR30 Index,rates,0.6982695,0.75747484,-0.059205353
GBTPGR10 Index,rates,0.4786167,0.45948547,0.019131243
GFRN10 Index,rates,0.66936076,0.7881038,-0.11874306
GSPG10YR Index,rates,0.51063657,0.50683904,0.0037975311
GUKG2 Index,rates,0.40418428,0.58204985,-0.17786556
GUKG10 Index,rates,0.7283811,0.895382,-0.16700089
GUKG30 Index,rates,0.67748016,0.82712764,-0.14964747
GJGB2 Index,rates,0.032280564,0.14072275,-0.10844219
GJGB10 Index,rates,0.18476343,0.5043771,-0.3196137
GJGB30 Index,rates,0.0984332,0.36977804,-0.27134484
GACGB3 Index,rates,0.4472686,0.7224248,-0.2751562
GACGB10 Index,rates,0.45434028,0.7447048,-0.2903645
GCAN2YR Index,rates,0.46768266,0.66742384,-0.19974118
GCAN10YR Index,rates,0.68847406,0.8166385,-0.12816447
GSWISS10 Index,rates,0.4091581,0.48043197,-0.07127386
GCNY10YR Index,rates,-0.050807476,-0.116714,0.065906525
GIND10YR Index,rates,-0.027287722,-0.056205034,0.028917313
GEBR10Y Index,rates,0.02893734,0.111079454,-0.082142115
GMXN10YR Index,rates,0.16710883,0.21144146,-0.044332623
GSAB10YR Index,rates,0.11158091,0.19149077,-0.07990986
BENCH Index,macro,0.0028843284,-0.017597675,0.020482004
ER4 Comdty,rates,0.080958724,0.51012045,-0.42916173
SPX Index,equity,0.89517474,0.9720624,-0.07688767
NDX Index,equity,0.8409967,0.93881804,-0.097821355
RTY Index,equity,0.77632016,0.8649229,-0.08860272
SPW Index,equity,0.89822984,0.9610113,-0.06278145
TRAN Index,equity,0.61603016,0.70989686,-0.093866706
RLG Index,equity,0.8781483,0.9520476,-0.07389927
RLV Index,equity,0.8601889,0.9635736,-0.10338467
SP5LVI Index,equity,0.6736474,0.842309,-0.1686616
XLK US Equity,equity,0.81063,0.9281031,-0.117473066
XLF US Equity,equity,0.7045943,0.8126531,-0.10805881
XLE US Equity,equity,0.58260524,0.7634893,-0.18088406
XLV US Equity,equity,0.5397246,0.6487292,-0.10900462
XLI US Equity,equity,0.7719313,0.84889954,-0.07696825
XLY US Equity,equity,0.71217155,0.79371274,-0.08154118
XLP US Equity,equity,0.48310107,0.62650347,-0.1434024
XLU US Equity,equity,0.35301793,0.48101145,-0.12799352
XLB US Equity,equity,0.67175317,0.7639629,-0.09220976
IYR US Equity,equity,0.77160823,0.82499653,-0.053388298
SOX Index,equity,0.6193947,0.7492502,-0.12985545
KRE US Equity,equity,0.54986495,0.6170232,-0.06715828
ITB US Equity,equity,0.4369915,0.47159708,-0.034605563
XBI US Equity,equity,0.37407207,0.48647183,-0.11239976
IGV US Equity,equity,0.6481307,0.72683716,-0.07870644
XOP US Equity,energy,0.55778146,0.66150165,-0.10372019
SX5E Index,equity,0.8489562,0.9646807,-0.115724444
DAX Index,equity,0.7685844,0.8662289,-0.09764451
UKX Index,equity,0.6030968,0.80588186,-0.20278507
CAC Index,equity,0.8190057,0.91411376,-0.09510803
FTSEMIB Index,equity,0.7060941,0.82040274,-0.114308655
SMI Index,equity,0.55201435,0.679703,-0.12768865
IBEX Index,equity,0.6862097,0.8055922,-0.1193825
SXXP Index,equity,0.83933115,0.96528745,-0.1259563
SX7E Index,equity,0.6192825,0.77804106,-0.15875858
RHM GY Equity,equity,0.273614,0.23991984,0.033694148
BA/ LN Equity,equity,0.1979487,0.19999874,-0.0020500422
HO FP Equity,equity,0.2274409,0.23171777,-0.0042768717
LDO IM Equity,equity,0.26126373,0.32174075,-0.06047702
SAABB SS Equity,equity,0.17133117,0.17356175,-0.0022305846
NKY Index,equity,0.691671,0.88737726,-0.19570625
TPX Index,equity,0.63886225,0.89978874,-0.26092649
TPNBNK Index,equity,0.22402644,0.45797396,-0.23394752
HSI Index,equity,0.66019464,0.8360499,-0.17585528
HSCEI Index,equity,0.6325322,0.81448233,-0.18195015
SHSZ300 Index,equity,0.64489615,0.9123049,-0.26740873
SHCOMP Index,equity,0.62666595,0.8717907,-0.24512476
KOSPI Index,equity,0.30423385,0.5240978,-0.21986395
TWSE Index,equity,0.25582433,0.49554044,-0.23971611
NIFTY Index,equity,0.14746642,0.27144086,-0.12397444
AS51 Index,equity,0.21837538,0.405783,-0.18740761
SPTSX Index,equity,0.5703026,0.64652014,-0.07621753
IBOV Index,equity,0.22613186,0.33945757,-0.113325715
MEXBOL Index,equity,0.2543518,0.27239794,-0.01804614
TOP40 Index,equity,0.3475784,0.4805928,-0.13301438
SASEIDX Index,equity,0.034896135,-0.13663197,0.1715281
MXEF Index,equity,0.5753069,0.89031845,-0.31501156
MXWD Index,equity,0.84725535,0.93575734,-0.08850199
VIX Index,vol,0.76443225,0.8861062,-0.12167394
UX1 Index,vol,0.67120206,0.79328287,-0.1220808
UX2 Index,vol,0.6895085,0.7976021,-0.10809362
VVIX Index,vol,0.50279593,0.53389144,-0.031095505
V2X Index,vol,0.39382058,0.70621216,-0.31239158
VXN Index,vol,0.7169416,0.826685,-0.10974342
RVX Index,vol,0.7193285,0.78150725,-0.06217873
OVX Index,vol,0.14812982,0.08584648,0.062283337
GVZ Index,vol,0.167463,0.12255621,0.044906795
SKEW Index,vol,-0.049822092,-0.025614023,-0.024208069
EURUSDV1M Curncy,vol,0.2872206,0.3792575,-0.0920369
USDJPYV1M Curncy,vol,0.24427146,0.34699267,-0.102721214
JPMVXYGL Index,vol,0.43731654,0.6342652,-0.19694865
JPMVXYEM Index,vol,0.36635852,0.48545337,-0.11909485
USDJPY25R1M Curncy,vol,0.08805692,0.2616781,-0.17362118
CDX IG CDSI GEN 5Y Corp,credit,0.43013477,0.63106227,-0.2009275
CDX HY CDSI GEN 5Y PRC Corp,credit,0.5223731,0.6186813,-0.09630823
ITRX EUR CDSI GEN 5Y Corp,credit,0.6400402,0.6775407,-0.0375005
ITRX XOVER CDSI GEN 5Y Corp,credit,0.69011277,0.7177417,-0.027628958
SNRFIN CDSI GEN 5Y Corp,credit,0.64580476,0.73196745,-0.08616269
SUBFIN CDSI GEN 5Y Corp,credit,0.6969209,0.63558817,0.061332703
CDX EM CDSI GEN 5Y PRC Corp,credit,0.30791825,0.31607962,-0.008161366
LUACOAS Index,credit,0.34391612,0.462655,-0.11873889
LF98OAS Index,credit,0.6370951,0.80979085,-0.17269576
LCB1OAS Index,credit,0.36258197,0.49741894,-0.13483697
BCAUOAS  Index,credit,0.51220685,0.66817486,-0.15596801
LECPOAS  Index,credit,0.32949603,0.4470098,-0.117513776
LP01OAS  Index,credit,0.34817183,0.507427,-0.15925515
LUMSOAS Index,credit,0.0633235,0.10965043,-0.046326935
MTGEFNCL Index,rates,0.68989974,0.8056281,-0.11572838
JPEIDISP Index,credit,0.4340222,0.6676486,-0.23362643
SPBDAL Index,credit,0.17864257,0.36708987,-0.1884473
BKLN US Equity,credit,0.1793912,0.23706722,-0.057676017
LQD US Equity,credit,0.44697785,0.6503775,-0.20339966
HYG US Equity,credit,0.48878014,0.6164686,-0.12768847
EMB US Equity,credit,0.3383603,0.46886086,-0.13050056
MUB US Equity,credit,0.254283,0.38752764,-0.13324463
MBB US Equity,credit,0.41169363,0.61619365,-0.20450002
CWB US Equity,credit,0.6064975,0.50030816,0.10618937
BVMB10Y Index,rates,0.15161604,0.2610253,-0.10940927
ARCC US Equity,credit,0.28261805,0.3108285,-0.028210461
MAIN US Equity,credit,0.2420218,0.26974034,-0.027718544
HTGC US Equity,credit,0.20326596,0.25595838,-0.052692413
PSEC US Equity,credit,0.1842916,0.23275,-0.048458397
BX US Equity,equity,0.41965556,0.46767986,-0.048024297
KKR US Equity,equity,0.40452534,0.40476477,-0.00023943186
APO US Equity,equity,0.31477404,0.33994806,-0.025174022
BBDXY Index,fx,0.78124964,0.81221724,-0.030967593
DXY Curncy,fx,0.7392837,0.89390194,-0.15461826
EURUSD Curncy,fx,0.2922629,0.95828736,-0.66602445
USDJPY Curncy,fx,0.45302272,0.8861454,-0.4331227
GBPUSD Curncy,fx,0.18476188,0.87595767,-0.6911958
AUDUSD Curncy,fx,0.51280177,0.91714287,-0.4043411
USDCAD Curncy,fx,0.36037445,0.7992564,-0.43888193
USDCHF Curncy,fx,0.4070087,0.61667204,-0.20966333
NZDUSD Curncy,fx,0.43753642,0.66094434,-0.22340792
USDNOK Curncy,fx,0.5242027,0.93212104,-0.40791833
USDSEK Curncy,fx,0.55402565,0.8648615,-0.31083584
AUDJPY Curncy,fx,0.4772544,0.9417872,-0.4645328
EURJPY Curncy,fx,0.32422185,0.9116887,-0.58746684
CADJPY Curncy,fx,0.4721281,0.93666196,-0.46453387
EURCHF Curncy,fx,0.084398806,0.09292799,-0.008529186
EURGBP Curncy,fx,0.0439232,0.7983971,-0.7544739
NOKSEK Curncy,fx,0.022529244,0.735749,-0.71321976
USDCNH Curncy,fx,0.2826317,0.327527,-0.04489529
USDCNY Curncy,fx,0.20695704,0.3130647,-0.10610765
USDMXN Curncy,fx,0.36887717,0.51295996,-0.14408278
USDBRL Curncy,fx,0.21629757,0.35790598,-0.14160842
USDZAR Curncy,fx,0.3745101,0.5656176,-0.19110751
USDTRY Curncy,fx,0.15401495,0.12340844,0.030606508
USDCOP Curncy,fx,0.15421116,0.21607387,-0.061862707
USDCLP Curncy,fx,0.1793806,0.16262513,0.016755462
USDIDR Curncy,fx,0.075490475,0.21678025,-0.14128977
USDINR Curncy,fx,0.08102572,0.21397448,-0.13294876
USDKRW Curncy,fx,0.16980684,0.3620904,-0.19228357
USDTWD Curncy,fx,0.13762814,0.326685,-0.18905687
USDSGD Curncy,fx,0.5680301,0.6476613,-0.07963121
USDPLN Curncy,fx,0.64818084,0.72372115,-0.075540304
USDHUF Curncy,fx,0.6289184,0.7174079,-0.08848947
USDCZK Curncy,fx,0.691412,0.75880945,-0.067397475
USDHKD Curncy,fx,-0.0013748407,-0.13088357,0.12950873
SAR12M Curncy,fx,-0.04742813,-0.12099528,0.07356715
FXJPEMCI Index,fx,0.28280586,0.6486982,-0.36589235
FXCTG10 Index,fx,0.2565933,0.4403553,-0.18376201
FXCTEM8 Index,fx,0.42155313,0.8164054,-0.39485228
CL1 Comdty,energy,0.83956397,0.94809794,-0.10853398
CL12 Comdty,energy,0.89626807,0.9776902,-0.08142215
CO1 Comdty,energy,0.86108065,0.9472328,-0.08615214
NG1 Comdty,energy,0.7060199,0.8451166,-0.13909674
XB1 Comdty,energy,0.6285312,0.75544655,-0.12691534
HO1 Comdty,energy,0.8082724,0.91864216,-0.11036974
QS1 Comdty,energy,0.6866474,0.8678155,-0.18116808
MO1 Comdty,energy,0.8484611,0.9804616,-0.1320005
TTFG1MON OECM Index,energy,0.36668015,0.5381913,-0.17151117
JGL1 Comdty,energy,-0.23506439,0.0,-0.23506439
XW1 Comdty,energy,-0.099021554,-0.0397259,-0.059295654
URA US Equity,energy,0.3651905,0.3859055,-0.020714998
CCJ US Equity,energy,0.3028862,0.39887005,-0.09598386
GC1 Comdty,metals,0.9083204,0.98133457,-0.07301414
SI1 Comdty,metals,0.86552286,0.97926575,-0.11374289
PL1 Comdty,metals,0.798906,0.95026743,-0.1513614
PA1 Comdty,metals,0.79468066,0.98804516,-0.1933645
HG1 Comdty,metals,0.8873365,0.971128,-0.083791494
LMAHDS03 Comdty,metals,0.86557734,0.9800715,-0.114494145
LMNIDS03 Comdty,metals,0.8582703,0.9938357,-0.1355654
LMZSDS03 Comdty,metals,0.7141949,0.90751386,-0.19331896
LMSNDS03 Comdty,metals,0.721444,0.9154135,-0.19396949
LMPBDS03 Comdty,metals,0.75863564,0.94374776,-0.18511212
SCO1 Comdty,metals,0.16142148,0.2613507,-0.09992921
RBT1 Comdty,metals,0.010416329,0.15853417,-0.14811784
LIT US Equity,metals,0.43606406,0.4648242,-0.028760135
REMX US Equity,metals,0.3862027,0.4106744,-0.0244717
ALB US Equity,metals,0.3277678,0.36409235,-0.03632456
SQM US Equity,metals,0.22013551,0.2793061,-0.059170604
C 1 Comdty,ags,0.70313704,0.853544,-0.15040696
S 1 Comdty,ags,0.7626021,0.8882631,-0.12566102
W 1 Comdty,ags,0.84982324,0.9200705,-0.07024729
KW1 Comdty,ags,0.8317158,0.90684855,-0.07513273
BO1 Comdty,ags,0.8209002,0.93030864,-0.10940844
SM1 Comdty,ags,0.7121551,0.8563976,-0.14424253
KO1 Comdty,ags,0.56076586,0.7454582,-0.18469232
RS1 Comdty,ags,0.54262644,0.71849847,-0.17587203
SB1 Comdty,ags,0.7411759,0.8407573,-0.09958142
KC1 Comdty,ags,0.87810504,0.9492775,-0.071172476
DF1 Comdty,ags,0.69079965,0.8108432,-0.120043576
CC1 Comdty,ags,0.7988295,0.870608,-0.071778476
QC1 Comdty,ags,0.6592127,0.7709826,-0.111769915
CT1 Comdty,ags,0.6345662,0.73620653,-0.10164034
LC1 Comdty,ags,0.370417,0.5291787,-0.15876168
FC1 Comdty,ags,0.4444427,0.6098404,-0.1653977
LH1 Comdty,ags,0.12090033,0.29857582,-0.17767549
BDIY Index,shipping,-0.020421743,0.3299905,-0.35041225
BIDY Index,shipping,-0.027089953,0.2639622,-0.29105216
BITY Index,shipping,-0.02818048,0.21668303,-0.24486351
MAERSKB DC Equity,shipping,0.13118047,0.1523233,-0.02114284
1919 HK Equity,shipping,0.07718605,0.14515531,-0.06796926
2603 TT Equity,shipping,0.013775647,-0.015948653,0.0297243
BCOM Index,commodity_idx,0.66265994,0.9416038,-0.27894384
SPGSCI Index,commodity_idx,0.87731194,0.96721077,-0.089898825
BCOMEN Index,energy,0.72526073,0.94431305,-0.21905231
BCOMIN Index,metals,0.8264965,0.955192,-0.12869555
BCOMAG Index,ags,0.7127217,0.9289536,-0.21623188
BCOMPR Index,metals,0.91198003,0.99036723,-0.0783872
XBTUSD Curncy,crypto,-0.016593575,-0.03696692,0.020373344
VNQ US Equity,equity,0.7813909,0.8195735,-0.038182616
REM US Equity,equity,0.36752355,0.3923856,-0.024862051
BXP US Equity,equity,0.52158475,0.65052366,-0.12893891
VNO US Equity,equity,0.5609563,0.6654149,-0.10445863
SLG US Equity,equity,0.5098174,0.5919901,-0.08217269
EQIX US Equity,equity,0.28435475,0.30113918,-0.01678443
DLR US Equity,equity,0.29284328,0.34604472,-0.053201437
CESIUSD Index,macro,-0.032588363,-0.055092096,0.022503734
CESIEUR Index,macro,-0.036672592,-0.12686908,0.09019649
CESICNY Index,macro,-0.036658287,-0.156299,0.11964071
CESIJPY Index,macro,-0.0382334,-0.17623663,0.13800323
BFCIUS Index,macro,0.52219296,0.8038763,-0.28168333
CL2 Comdty,energy,0.87527275,0.9629367,-0.08766395
CL3 Comdty,energy,0.8939156,0.9731224,-0.079206824
CL6 Comdty,energy,0.90089434,0.9788428,-0.07794845
CL24 Comdty,energy,0.85207677,0.96569926,-0.11362249
CL36 Comdty,energy,0.7081255,0.8289458,-0.12082034
CO2 Comdty,energy,0.9110532,0.9905299,-0.079476714
CO3 Comdty,energy,0.91838956,0.9938296,-0.07544005
CO6 Comdty,energy,0.9191556,0.9831088,-0.06395322
CO12 Comdty,energy,0.9120148,0.98284614,-0.07083136
CO24 Comdty,energy,0.8454458,0.9173366,-0.07189077
NG2 Comdty,energy,0.80179477,0.94530916,-0.1435144
NG3 Comdty,energy,0.75294507,0.8645836,-0.111638546
NG6 Comdty,energy,0.5573,0.5872475,-0.02994752
NG13 Comdty,energy,0.4356978,0.68938935,-0.25369155
NG24 Comdty,energy,0.20178866,0.46287054,-0.26108187
XB2 Comdty,energy,0.70257866,0.85490626,-0.1523276
XB3 Comdty,energy,0.71805835,0.8290962,-0.11103785
XB6 Comdty,energy,0.688958,0.73912686,-0.050168872
XB12 Comdty,energy,0.686272,0.7426801,-0.056408048
HO2 Comdty,energy,0.8708339,0.97278804,-0.10195416
HO3 Comdty,energy,0.8925342,0.9878795,-0.09534532
HO6 Comdty,energy,0.90876645,0.97036463,-0.06159818
HO12 Comdty,energy,0.9010627,0.9541749,-0.05311215
QS2 Comdty,energy,0.854283,0.9777935,-0.12351054
QS3 Comdty,energy,0.8428959,0.9899616,-0.1470657
QS6 Comdty,energy,0.8651774,0.9845549,-0.119377494
QS12 Comdty,energy,0.83193636,0.9514603,-0.11952394
MO2 Comdty,energy,0.85916066,0.93763644,-0.07847577
MO3 Comdty,energy,0.8525537,0.8814633,-0.028909564
GC2 Comdty,metals,0.8776469,0.9754233,-0.09777635
GC3 Comdty,metals,0.9114531,0.98294234,-0.071489215
GC6 Comdty,metals,0.87741107,0.9739089,-0.096497834
SI2 Comdty,metals,0.863109,0.98027503,-0.11716604
SI3 Comdty,metals,0.8639711,0.9791861,-0.115215
PL2 Comdty,metals,0.7987739,0.9503113,-0.15153742
PA2 Comdty,metals,0.7860991,0.9384613,-0.15236223
HG2 Comdty,metals,0.8750224,0.98098946,-0.105967045
HG3 Comdty,metals,0.8773092,0.9830261,-0.105716884
HG6 Comdty,metals,0.87480843,0.9759709,-0.10116249
HG12 Comdty,metals,0.8554394,0.4310338,0.42440563
SCO2 Comdty,metals,0.85651684,0.614375,0.24214184
SCO3 Comdty,metals,0.8647694,0.62551045,0.23925894
SCO6 Comdty,metals,0.8416108,0.6134244,0.22818637
SCO12 Comdty,metals,0.7867342,0.58628166,0.20045257
RBT2 Comdty,metals,0.3230158,0.50721586,-0.18420005
RBT3 Comdty,metals,0.37614548,0.48818415,-0.11203867
C 2 Comdty,ags,0.7902075,0.9210089,-0.13080138
C 3 Comdty,ags,0.79566467,0.9135085,-0.11784381
C 5 Comdty,ags,0.70646477,0.8342444,-0.1277796
S 2 Comdty,ags,0.8235104,0.95088446,-0.12737405
S 3 Comdty,ags,0.83923334,0.9473539,-0.10812056
S 7 Comdty,ags,0.69078124,0.829491,-0.13870978
W 2 Comdty,ags,0.9086877,0.9700084,-0.061320662
W 3 Comdty,ags,0.9116468,0.9704615,-0.058814704
W 5 Comdty,ags,0.86884975,0.90565175,-0.036801994
KW2 Comdty,ags,0.8938366,0.9739555,-0.080118895
KW3 Comdty,ags,0.89924896,0.96620953,-0.06696057
BO2 Comdty,ags,0.8513695,0.97207797,-0.120708466
BO3 Comdty,ags,0.8445717,0.93482816,-0.09025645
SM2 Comdty,ags,0.83437735,0.9419909,-0.10761356
SM3 Comdty,ags,0.8223428,0.9399378,-0.11759496
RS2 Comdty,ags,0.7641211,0.8652286,-0.10110748
RS3 Comdty,ags,0.68740004,0.8165103,-0.12911028
KO2 Comdty,ags,0.8120654,0.9205632,-0.1084978
KO3 Comdty,ags,0.86683226,0.9724942,-0.10566193
KO6 Comdty,ags,0.70577335,0.8604613,-0.15468794
SB2 Comdty,ags,0.83381975,0.9309575,-0.09713775
SB3 Comdty,ags,0.8436098,0.94678974,-0.10317993
SB4 Comdty,ags,0.79732543,0.9081714,-0.11084598
KC2 Comdty,ags,0.9154161,0.9811419,-0.0657258
KC3 Comdty,ags,0.9175429,0.9935998,-0.0760569
KC5 Comdty,ags,0.90959567,0.9814455,-0.07184982
DF2 Comdty,ags,0.8539417,0.82168764,0.03225404
DF3 Comdty,ags,0.8480872,0.9251702,-0.07708299
CC2 Comdty,ags,0.9126236,0.9692943,-0.056670725
CC3 Comdty,ags,0.9162817,0.9822716,-0.06598991
CC5 Comdty,ags,0.8829075,0.9554069,-0.072499394
QC2 Comdty,ags,0.8552649,0.95577556,-0.10051066
QC3 Comdty,ags,0.85945266,0.93537456,-0.07592189
CT2 Comdty,ags,0.80064756,0.873848,-0.073200464
CT3 Comdty,ags,0.7943884,0.8693193,-0.07493091
CT5 Comdty,ags,0.6429454,0.7471143,-0.10416889
LC2 Comdty,ags,0.65406656,0.78064954,-0.12658298
LC3 Comdty,ags,0.5720169,0.7254672,-0.15345031
LC6 Comdty,ags,0.4738307,0.61037624,-0.13654554
FC2 Comdty,ags,0.7681235,0.8564291,-0.08830559
FC3 Comdty,ags,0.78595304,0.85297465,-0.06702161
LH2 Comdty,ags,0.40504116,0.67273617,-0.267695
LH3 Comdty,ags,0.46026582,0.72422814,-0.26396233
LH4 Comdty,ags,0.3609277,0.5313002,-0.17037249
LMCADY Comdty,metals,0.8636209,0.9529967,-0.089375794
LMCADS03 Comdty,metals,0.86074984,0.983852,-0.12310219
LMCADS15 Comdty,metals,0.8546045,0.98838174,-0.13377726
LMCADS27 Comdty,metals,0.8683967,0.9762759,-0.10787922
LMAHDY Comdty,metals,0.815857,0.9333346,-0.117477596
LMAHDS15 Comdty,metals,0.7900899,0.9030012,-0.112911284
LMAHDS27 Comdty,metals,0.6915614,0.79724246,-0.10568106
LMNIDY Comdty,metals,0.8625852,0.9911297,-0.12854451
LMNIDS15 Comdty,metals,0.8702322,0.9513847,-0.0811525
LMZSDY Comdty,metals,0.6499717,0.85943973,-0.209468
LMZSDS15 Comdty,metals,0.8115122,0.9330065,-0.12149435
LMSNDY Comdty,metals,0.7230331,0.9117077,-0.18867463
LMPBDY Comdty,metals,0.7441071,0.9546349,-0.21052778
TTFG2MON BCFV Index,energy,0.6295887,0.7100135,-0.080424786
TTFG3MON BCFV Index,energy,0.5862794,0.6749007,-0.08862132
TTFG6MON BCFV Index,energy,0.40337342,0.35150117,0.051872253
