ticker,cls,transform,tradable,resid_z,actual_5d_sigma,fair_5d_sigma,level_z_1y,fwd5d_forecast,lin_resid_z,rev_corr,hit_rate_when_|z|>2,n_signals,view
USDMXN Curncy,fx,log,True,4.069741309709192,8.714014753699303,2.5596038103103638,0.8360808,0.07319336,4.211998013357799,-0.04343472958199661,0.33962264150943394,53,rich vs cross-asset fair value -> expect underperformance
SCO12 Comdty,metals,log,True,3.512815495051204,-1.2556424140930176,-2.649780809879303,-1.3551234,-0.0109205805,3.662122685304895,0.015055162831983911,0.47368421052631576,38,rich vs cross-asset fair value -> expect underperformance
NG13 Comdty,energy,log,True,3.463699361635478,5.993147248402238,1.448178231716156,-0.029941505,0.10450887,3.493855725835361,0.0058896166184388065,0.6041666666666666,48,rich vs cross-asset fair value -> expect underperformance
SCO6 Comdty,metals,log,True,-3.383119646169034,-2.6520521342754364,-1.7082084491848946,-1.8960316,-0.025597457,-3.2939034718633065,0.031766397450165136,0.5666666666666667,30,cheap vs cross-asset fair value -> expect outperformance
HG2 Comdty,metals,log,True,3.3773977688769334,-1.0850657224655151,-1.7600564658641815,1.3274436,0.01888074,3.620235854199139,0.04817339163554639,0.5897435897435898,39,rich vs cross-asset fair value -> expect underperformance
KO3 Comdty,ags,log,True,-3.231507199876167,-3.5630892738699913,-2.8250087052583694,0.65894186,-0.012996301,-2.937217327250765,0.07159198710277549,0.5581395348837209,43,cheap vs cross-asset fair value -> expect outperformance
EMB US Equity,credit,log,True,-2.9187251217694774,-6.85570752620697,-3.5802047550678253,-3.826982,-0.061249785,-2.8693497976855884,0.07056756240091733,0.5675675675675675,37,cheap vs cross-asset fair value -> expect outperformance
SNRFIN CDSI GEN 5Y Corp,credit,diff,True,2.451854763053586,3.8764785677194595,3.0292469263076782,1.6365469,0.075556815,2.817507973988448,-0.03250078931748633,0.6486486486486487,37,rich vs cross-asset fair value -> expect underperformance
CL12 Comdty,energy,log,True,2.397895027412658,0.8396236151456833,0.016497820615768433,1.2627947,0.05617932,2.8261873887107867,0.07654603491320082,0.6,55,rich vs cross-asset fair value -> expect underperformance
CO1 Comdty,energy,log,True,2.3630540745614694,1.8118535056710243,0.4649476520717144,1.250907,0.021025646,2.7239932048522038,-0.004881480301789036,0.5263157894736842,19,rich vs cross-asset fair value -> expect underperformance
MO1 Comdty,energy,log,True,-2.2879419837937047,-0.6753979474306107,-0.304747998714447,1.0883068,0.054431856,-2.6830290329042996,0.010277694920542353,0.5151515151515151,66,cheap vs cross-asset fair value -> expect outperformance
HO2 Comdty,energy,log,True,-2.2433928823955607,-2.4203836172819138,-1.6508415192365646,1.2725724,0.03035248,-1.8505590406694143,-0.01001242509773149,0.41025641025641024,39,cheap vs cross-asset fair value -> expect outperformance
HG6 Comdty,metals,log,True,2.2313216252186376,-1.3195471912622452,-1.7704831808805466,1.2722123,0.013484091,2.061203272880332,0.027049101988056316,0.4375,32,rich vs cross-asset fair value -> expect underperformance
CO24 Comdty,energy,log,True,-2.080367451620571,0.4922917541116476,1.4959109984338284,1.0055065,0.040456805,-3.229983973488569,-0.012819684248955899,0.5,46,cheap vs cross-asset fair value -> expect outperformance
BCOMIN Index,metals,log,True,-2.065999245344106,-2.4014062881469727,-1.4872642308473587,0.65703475,-0.01162269,-2.211184417019017,0.016072105519990023,0.46153846153846156,52,cheap vs cross-asset fair value -> expect outperformance
CL3 Comdty,energy,log,True,-2.0506471911437267,-0.7858501672744751,-0.3033285140991211,0.9152878,0.04744164,-1.3514284108980008,0.04558621876693611,0.5106382978723404,47,cheap vs cross-asset fair value -> expect outperformance
MO3 Comdty,energy,log,True,2.0429676889794943,-0.07375077903270721,-0.5808715298771858,1.2196635,0.04968483,1.9308312823900329,-0.03571831343931934,0.47619047619047616,42,rich vs cross-asset fair value -> expect underperformance
SI2 Comdty,metals,log,True,1.9861945351954842,-2.3598249703645706,-2.5314542651176453,-0.5675089,0.04317064,4.846769095427731,-0.006011260355029412,0.42857142857142855,42,rich vs cross-asset fair value -> expect underperformance
NOKSEK Curncy,fx,log,True,1.9834801053128832,0.27429647743701935,-1.2671095468103886,1.7702032,0.0583578,2.1528647944645094,0.07096871362438444,0.43333333333333335,30,rich vs cross-asset fair value -> expect underperformance
SX5E Index,equity,log,True,1.966856943541137,0.4783489163964987,-0.5605654716491699,1.257552,0.04875529,1.7675737061858092,0.020497808735403307,0.5,56,rich vs cross-asset fair value -> expect underperformance
LQD US Equity,credit,log,True,1.9269344554769463,-6.717072546482086,-8.795541822910309,-3.0812287,-0.046340723,2.0849595282465283,0.03206912564663056,0.49019607843137253,51,rich vs cross-asset fair value -> expect underperformance
CO3 Comdty,energy,log,True,-1.8930610903740728,0.42442362010478973,0.897083967924118,1.0830809,0.027342562,-1.1121788444145566,0.057095046012698804,0.5238095238095238,42,cheap vs cross-asset fair value -> expect outperformance
BBDXY Index,fx,log,True,-1.8857755602575406,3.845650851726532,4.842291951179504,1.0894525,0.077470005,-1.7746364278184503,0.006567389441947335,0.47619047619047616,42,cheap vs cross-asset fair value -> expect outperformance
ITRX XOVER CDSI GEN 5Y Corp,credit,diff,True,-1.8802032970750653,2.484911657869816,3.6805714406073093,1.2671393,0.07170543,-2.0202564663296503,0.038548551228144184,0.4722222222222222,36,cheap vs cross-asset fair value -> expect outperformance
S 2 Comdty,ags,log,True,-1.8690084526836754,-2.4574882742017508,-1.6703103259205818,1.9150405,0.050682165,-1.688453687977476,0.03482381847597622,0.5476190476190477,42,cheap vs cross-asset fair value -> expect outperformance
NKY Index,equity,log,True,1.859535173955491,0.40355750918388367,-1.43671858869493,0.9969735,0.05404456,1.963070880663714,0.07002917812901076,0.5081967213114754,61,rich vs cross-asset fair value -> expect underperformance
MUB US Equity,credit,log,True,-1.8483863610777436,-8.425459384918213,-5.949421778321266,-4.0,-0.065254316,-1.638921495296462,-0.029137217103756222,0.4897959183673469,49,cheap vs cross-asset fair value -> expect outperformance
XB12 Comdty,energy,log,True,1.8224370499902087,1.728758305311203,-0.8640855476260185,1.3341122,0.0336174,1.8962874914681411,-0.018444465218080523,0.5,42,rich vs cross-asset fair value -> expect underperformance
XB6 Comdty,energy,log,True,1.8142420638057721,0.32633592560887337,-1.465912252664566,1.4703254,0.035690084,2.095495009904856,0.0648417053495454,0.5625,48,rich vs cross-asset fair value -> expect underperformance
CL2 Comdty,energy,log,True,-1.784368578211828,-0.7782110944390297,-0.3657079413533211,0.85791,0.040000267,-1.0163169196067323,0.04060264393773713,0.5348837209302325,43,cheap vs cross-asset fair value -> expect outperformance
USDSEK Curncy,fx,log,True,-1.7448224446389364,3.2907875278033316,4.138255730271339,2.523056,0.07267578,-1.677122736493351,-0.015920905739097244,0.5,30,cheap vs cross-asset fair value -> expect outperformance
DF3 Comdty,ags,log,True,-1.6993606202688425,1.1539816558361053,1.6946855187416077,-1.0331559,0.007873197,-1.2305297092171859,0.027585384751721016,0.5172413793103449,58,cheap vs cross-asset fair value -> expect outperformance
GUKG10 Index,rates,diff,True,-1.6541631961376646,2.7111979126930237,3.64152655005455,2.2599468,0.04093672,-1.5149276060098915,0.015733496492388185,0.45454545454545453,44,cheap vs cross-asset fair value -> expect outperformance
NG24 Comdty,energy,log,True,-1.6167820852407266,0.4070024937391281,3.0449459329247475,-0.09072053,0.042864747,-1.7267972276635033,0.08687515668880483,0.5227272727272727,44,cheap vs cross-asset fair value -> expect outperformance
LMNIDS03 Comdty,metals,log,True,1.6020076536124153,-2.2830891460180283,-2.5163621939718723,-0.5773651,-0.02662044,2.150729088942308,0.007241670093900457,0.5641025641025641,39,rich vs cross-asset fair value -> expect underperformance
CT1 Comdty,ags,log,True,1.558827310058598,-0.4664119929075241,-1.9183133281767368,0.8928925,-0.016716959,1.7020134848408597,0.05409917072354685,0.5454545454545454,44,rich vs cross-asset fair value -> expect underperformance
KO1 Comdty,ags,log,True,-1.5542734889973004,-4.504157230257988,-2.768736008554697,0.32821146,-0.008777998,-1.5486866507713757,-0.005450694382500039,0.5,40,cheap vs cross-asset fair value -> expect outperformance
TPX Index,equity,log,True,-1.5366770311982028,-1.0863695442676544,0.5020511224865913,1.0562094,0.03520123,-1.4239707295857316,-0.06282045689293983,0.37777777777777777,45,cheap vs cross-asset fair value -> expect outperformance
GC2 Comdty,metals,log,True,1.5257199443502691,-3.063210904598236,-3.230165980756283,-0.9252876,0.028535342,3.4354271358154533,-0.002477782905732893,0.5,48,rich vs cross-asset fair value -> expect underperformance
SI1 Comdty,metals,log,True,-1.5088963719977784,-2.6148278564214706,-2.48237639432773,-0.60816604,0.039282084,-1.0983188572471851,-0.018605125515717247,0.46511627906976744,43,cheap vs cross-asset fair value -> expect outperformance
HSI Index,equity,log,True,-1.5002322586887773,-2.201249420642853,-0.9442556202411652,-1.2146996,-0.009829838,-1.3597887223956768,-0.06362460433005267,0.5227272727272727,44,cheap vs cross-asset fair value -> expect outperformance
TTFG2MON BCFV Index,energy,log,True,-1.4864537425308901,-1.1999990046024323,-0.6023690700531006,1.5413133,0.049166773,-1.1191755138069626,0.010867330923553476,0.53125,32,cheap vs cross-asset fair value -> expect outperformance
KO6 Comdty,ags,log,True,1.4670264627180167,-1.8561623990535736,-2.792174857109785,1.2221689,-0.0035881698,1.5805647716734814,0.03606412269541919,0.44680851063829785,47,rich vs cross-asset fair value -> expect underperformance
CAC Index,equity,log,True,-1.4639431865297308,-0.8759799459949136,0.4915838688611984,-0.58942753,0.025624175,-1.518861823949036,-0.030065935397407602,0.4666666666666667,45,cheap vs cross-asset fair value -> expect outperformance
KW2 Comdty,ags,log,True,-1.4601934486584356,-3.2932324409484863,-2.907563477754593,1.2247021,0.047327127,-1.050746820395429,0.05301341934662417,0.5833333333333334,48,cheap vs cross-asset fair value -> expect outperformance
FC1 Comdty,ags,log,True,-1.4577260991192937,-1.5166545659303665,0.33574785105884075,-1.3541758,0.088844195,-1.3958098097657363,0.10088025796582915,0.5,30,cheap vs cross-asset fair value -> expect outperformance
QS12 Comdty,energy,log,True,-1.4509498792057982,-0.9426618814468384,0.10921500250697136,1.6979921,0.02654874,-1.214508773441375,0.0521438899629337,0.5,48,cheap vs cross-asset fair value -> expect outperformance
GBPUSD Curncy,fx,log,True,-1.450256401622529,-2.6395500749349594,-1.749212384223938,-1.2637944,-0.029737148,-1.4556410661700458,-0.03298314882812048,0.2727272727272727,33,cheap vs cross-asset fair value -> expect outperformance
EURUSD Curncy,fx,log,True,-1.448276315482869,-3.225264400243759,-2.657639665529132,-2.1361637,-0.03704195,-1.4184991047585718,0.039558362278918575,0.40476190476190477,42,cheap vs cross-asset fair value -> expect outperformance
HO3 Comdty,energy,log,True,-1.4462327896559608,-1.9937448129057884,-1.5425374507904053,1.363001,0.032225125,-1.085334686013959,0.028949995375249015,0.425,40,cheap vs cross-asset fair value -> expect outperformance
USDTWD Curncy,fx,log,True,1.434563541378343,2.619632236659527,0.15705986320972443,0.7537878,0.11320226,1.3905414333790882,-0.04614738183751788,0.484375,64,rich vs cross-asset fair value -> expect underperformance
XLK US Equity,equity,log,True,1.418110634517807,-0.5143621563911438,-1.3930995240807533,1.5538445,0.07906652,1.4759823263746723,0.0034910928223795303,0.4745762711864407,59,rich vs cross-asset fair value -> expect underperformance
DF1 Comdty,ags,log,True,1.3964688544370991,2.1748740673065186,1.1928174644708633,-1.3262004,0.022589996,1.6442527810550709,0.03041056301084148,0.6136363636363636,44,rich vs cross-asset fair value -> expect underperformance
CDX HY CDSI GEN 5Y PRC Corp,credit,log,True,-1.3963862585050153,-4.970525033771992,-3.379765808582306,-0.8758422,0.010325835,-1.3906997105047203,0.045905990530480764,0.4716981132075472,53,cheap vs cross-asset fair value -> expect outperformance
HG3 Comdty,metals,log,True,1.3934232699637845,-1.4737754166126251,-1.7304456681013107,1.2777826,0.015227348,1.4304962695801275,0.0840565729758745,0.6571428571428571,35,rich vs cross-asset fair value -> expect underperformance
MXEF Index,equity,log,True,1.3748313400425758,-1.3971110275015235,-2.888879507780075,1.0478979,0.021610878,1.48588709093094,0.012641212278679141,0.48717948717948717,39,rich vs cross-asset fair value -> expect underperformance
S 3 Comdty,ags,log,True,-1.371933502528048,-2.38134047947824,-1.7854073606431484,1.9859345,0.050161343,-1.1516853416439057,0.008279776920311973,0.4745762711864407,59,cheap vs cross-asset fair value -> expect outperformance
EURCHF Curncy,fx,log,True,1.3552768299616602,2.9972858503460884,0.07520350813865662,2.1135824,0.037918586,1.0851703141161653,-0.019549935640915204,0.5333333333333333,30,rich vs cross-asset fair value -> expect underperformance
MEXBOL Index,equity,log,True,1.3380840754240364,0.8333400264382362,-1.771708156913519,-0.5647915,0.037031498,1.5928332317470038,0.018348568762628224,0.4897959183673469,49,rich vs cross-asset fair value -> expect underperformance
BCOMEN Index,energy,log,True,-1.3366909064200554,-0.07030768692493439,0.8264079093933105,1.4229859,0.042127118,-1.1388589570564447,0.008195708147854735,0.5641025641025641,39,cheap vs cross-asset fair value -> expect outperformance
NIFTY Index,equity,log,True,-1.333203095355495,-3.935523599386215,-1.3740048706531525,-1.8732204,-0.04225981,-0.9200477975136543,0.045969289540485896,0.44680851063829785,47,cheap vs cross-asset fair value -> expect outperformance
PA2 Comdty,metals,log,True,1.3233717627997446,-1.6605189591646194,-1.882476732134819,-1.3964497,0.003954464,1.811007322081419,0.0428452131373497,0.5833333333333334,48,rich vs cross-asset fair value -> expect underperformance
NG6 Comdty,energy,log,True,-1.3093653564652876,-1.4539543390274048,1.035829335451126,-2.709345,0.029637432,-1.3340407318657923,0.0543579466731489,0.6078431372549019,51,cheap vs cross-asset fair value -> expect outperformance
TOP40 Index,equity,log,True,-1.3069556616533384,-3.5132551565766335,-0.8954187780618668,-1.3794324,0.0066058785,-1.362110146995435,0.07702803423444136,0.625,32,cheap vs cross-asset fair value -> expect outperformance
USGG7YR Index,rates,diff,True,1.2996528563939918,5.448005348443985,4.4119564816355705,3.0350652,0.056069076,1.3311264094743191,0.05108928671974818,0.5294117647058824,34,rich vs cross-asset fair value -> expect underperformance
BO3 Comdty,ags,log,True,1.294582803923532,4.59224172309041,3.0732522271573544,0.85086954,0.05039254,1.4026166620958158,-0.028160033587210573,0.5510204081632653,49,rich vs cross-asset fair value -> expect underperformance
GC1 Comdty,metals,log,True,-1.293615998798591,-3.22364017739892,-3.0754300504922867,-0.9735626,0.022596862,-0.10842505586249622,0.0011414557418875776,0.5476190476190477,42,cheap vs cross-asset fair value -> expect outperformance
S 1 Comdty,ags,log,True,-1.277841285499947,-2.493982333689928,-1.6627584481611848,1.8180454,0.05740595,-1.101918976747371,0.026779485919572802,0.5555555555555556,54,cheap vs cross-asset fair value -> expect outperformance
USSWIT2 Curncy,inflation,diff,True,1.2483185761543243,1.4982228223234415,0.30244995653629303,-0.30344167,-0.02851701,1.6475215687160532,-0.04585842351826943,0.4146341463414634,41,rich vs cross-asset fair value -> expect underperformance
FC2 Comdty,ags,log,True,1.2205128760069763,0.33061738312244415,-0.24567677825689316,-1.0768813,0.08333894,1.4981255389128223,0.04568742509173346,0.6111111111111112,36,rich vs cross-asset fair value -> expect underperformance
LC6 Comdty,ags,log,True,1.2192547140565801,1.6180208325386047,0.2366773933172226,-0.7996319,0.046031926,1.3445257374270747,0.01200906641215412,0.5897435897435898,39,rich vs cross-asset fair value -> expect underperformance
SX7E Index,equity,log,True,1.217554198737864,0.5025403052568436,-0.5997236371040344,1.5826935,0.028803032,1.0147794376684598,-0.059532116276196353,0.5,50,rich vs cross-asset fair value -> expect underperformance
HSCEI Index,equity,log,True,1.1865616254121163,-1.9731336757540703,-3.015265792608261,-1.2190261,-0.0010988712,1.530960286794593,0.05495256110943611,0.6744186046511628,43,rich vs cross-asset fair value -> expect underperformance
FXCTG10 Index,fx,log,True,1.178740688838435,0.347395583987236,-1.4462380111217499,1.6555564,0.08962334,1.4334250586233037,-0.016074802698746633,0.42857142857142855,42,rich vs cross-asset fair value -> expect underperformance
GCAN10YR Index,rates,diff,True,-1.1649498297357097,3.017092287540436,3.9968607127666473,2.491429,0.033390846,-1.184789809153675,0.0010895318961543405,0.4358974358974359,39,cheap vs cross-asset fair value -> expect outperformance
USDNOK Curncy,fx,log,True,1.1616918696510414,3.357062239199877,2.7418502243235707,-0.25781846,0.05097535,1.3707503896995459,-0.08062178221415255,0.5,36,rich vs cross-asset fair value -> expect underperformance
FC3 Comdty,ags,log,True,-1.1608883552483664,-0.29845130443573,0.33646897971630096,-1.21931,0.09029648,-0.8894735557832588,0.02515587382420359,0.6190476190476191,42,cheap vs cross-asset fair value -> expect outperformance
NG1 Comdty,energy,log,True,-1.1526615650209604,1.2293777465820312,2.6564338505268097,-0.29589126,0.066342264,-1.1290119009917756,0.06375595176311913,0.4444444444444444,36,cheap vs cross-asset fair value -> expect outperformance
NG2 Comdty,energy,log,True,1.1470266108661884,3.62794890999794,2.716853141784668,0.33652622,0.07432188,1.2124794291223335,-0.014369029020386458,0.46,50,rich vs cross-asset fair value -> expect underperformance
UX2 Index,vol,log,True,-1.1442831286152153,0.31134162843227386,1.2787783741950989,-1.0494306,0.0038688518,-1.0323018970115727,0.026037841143498004,0.2857142857142857,21,cheap vs cross-asset fair value -> expect outperformance
SPTSX Index,equity,log,True,-1.136637334787242,-3.145565927028656,-1.4710884988307953,1.0015528,0.035954773,-1.1873321620535917,-0.023738694083877784,0.4897959183673469,49,cheap vs cross-asset fair value -> expect outperformance
CO2 Comdty,energy,log,True,-1.1213172530433944,0.5675134062767029,0.8572123348712921,1.0552572,0.02248792,-0.4027732649721444,0.03928826845506663,0.5142857142857142,35,cheap vs cross-asset fair value -> expect outperformance
LC1 Comdty,ags,log,True,-1.1099232208051064,-0.5322872176766396,1.037670187652111,-1.4721458,0.07239028,-1.0598828961210771,0.11069359710757022,0.7,50,cheap vs cross-asset fair value -> expect outperformance
SASEIDX Index,equity,log,True,-1.0995509081010362,-2.6326491832733154,-0.3402051329612732,-1.5739856,-0.04939313,-1.1835017632293334,-0.03207951027592067,0.4489795918367347,49,cheap vs cross-asset fair value -> expect outperformance
XB1 Comdty,energy,log,True,-1.0990903410284445,-1.7505358755588531,-0.5318887159228325,0.9061393,0.0022179484,-1.0091760623172366,0.07572320152576456,0.6458333333333334,48,cheap vs cross-asset fair value -> expect outperformance
GC3 Comdty,metals,log,True,1.0886473895547066,-3.062773749232292,-3.1589682400226593,-0.91325843,0.025983363,4.144173579907077,0.008910158747232694,0.5434782608695652,46,rich vs cross-asset fair value -> expect underperformance
XLE US Equity,equity,log,True,1.0847372801366144,0.35944976657629013,-1.4488703794777393,1.1289641,0.030405521,1.192095609043833,0.009454656614090841,0.39215686274509803,51,rich vs cross-asset fair value -> expect underperformance
CCJ US Equity,energy,log,True,-1.0767568272215127,-2.869804307818413,-1.3209620416164398,-1.3691356,0.030184712,-1.2392726079483212,0.02867539854971672,0.5416666666666666,48,cheap vs cross-asset fair value -> expect outperformance
USGG3M Index,rates,diff,True,1.0696305595301472,3.159494638442993,0.7186841815710068,3.590171,0.11743781,1.1803667968879903,-0.12033245166566237,0.2765957446808511,47,rich vs cross-asset fair value -> expect underperformance
USDCOP Curncy,fx,log,True,1.0615877499221036,5.259534597396851,2.773344561457634,-0.7966097,0.0626986,1.0357035956101375,0.02670148537818308,0.44680851063829785,47,rich vs cross-asset fair value -> expect underperformance
DF2 Comdty,ags,log,True,-1.0434687569052272,1.2133565843105316,1.5212481915950775,-1.1660339,0.013054392,-0.5820980133616888,-0.03704328759833879,0.4883720930232558,43,cheap vs cross-asset fair value -> expect outperformance
IYR US Equity,equity,log,True,1.0412031918520892,-3.018260955810547,-4.158338639885187,-0.8226721,0.0069384826,1.171957427845443,-0.024237380796095435,0.4745762711864407,59,rich vs cross-asset fair value -> expect underperformance
GC6 Comdty,metals,log,True,1.0363793898369418,-3.116258069872856,-3.23282715305686,-0.8738851,0.02738118,2.7137342152360007,-0.015813957378199562,0.4444444444444444,45,rich vs cross-asset fair value -> expect underperformance
EURUSDV1M Curncy,vol,log,True,1.033277430347553,3.549683392047882,1.5875195413827896,0.20841938,-0.02357531,1.102175726244969,0.08127888416223183,0.6,25,rich vs cross-asset fair value -> expect underperformance
USGG5YR Index,rates,diff,True,-1.0332283650545482,4.953963577747345,5.224449396133423,2.9857082,0.07567574,-0.7896054385428646,-0.06916018932087609,0.42105263157894735,38,cheap vs cross-asset fair value -> expect outperformance
W 5 Comdty,ags,log,True,-1.028387620818431,-3.0130292773246765,-2.439210668206215,1.1237007,0.02953104,-0.8243935974248092,-0.005074654088097086,0.4594594594594595,37,cheap vs cross-asset fair value -> expect outperformance
HO FP Equity,equity,log,True,-1.0231160106536226,-2.5152440704405308,-0.7147649601101875,-1.1486837,0.008662774,-0.9097224884011444,0.046468475828417455,0.6274509803921569,51,cheap vs cross-asset fair value -> expect outperformance
LMCADS27 Comdty,metals,log,True,-1.0222567512741803,-2.211908083409071,-1.8674892261624336,1.2519534,0.017718013,-1.0605546832804458,0.047395106322194076,0.6739130434782609,46,cheap vs cross-asset fair value -> expect outperformance
USDCNH Curncy,fx,log,True,-1.0169775318177752,0.8387386798858643,2.0881333351135254,-1.3503461,-0.00814043,-1.0803858868785945,-0.05338104166933761,0.2571428571428571,35,cheap vs cross-asset fair value -> expect outperformance
BCOMAG Index,ags,log,True,-1.012629236987567,-1.8703925237059593,-1.1824512667953968,1.5851096,0.030901844,-0.8856678252548724,0.025349308169598735,0.5689655172413793,58,cheap vs cross-asset fair value -> expect outperformance
CC1 Comdty,ags,log,True,1.0019659494114679,1.0977122783660889,0.715261310338974,0.75514704,0.006337017,1.2357820456534547,-0.02816304944021482,0.5510204081632653,49,rich vs cross-asset fair value -> expect underperformance
USGG2YR Index,rates,diff,True,0.998684413673617,3.9335993826389313,3.493701122701168,2.8917146,0.08907884,1.405841103961834,0.03138477606273819,0.6086956521739131,23,rich vs cross-asset fair value -> expect underperformance
RS1 Comdty,ags,log,True,-0.987557403629023,-1.0521314591169357,-0.4331356198526919,1.3285676,0.033825487,-0.8747978921720884,0.007176214112336064,0.5555555555555556,54,cheap vs cross-asset fair value -> expect outperformance
CT2 Comdty,ags,log,True,-0.9852131817493401,-2.1249479707330465,-1.6883920431137085,0.8090205,-0.028934443,-0.7728970445817593,0.05658519542963043,0.56,50,cheap vs cross-asset fair value -> expect outperformance
USGG30YR Index,rates,diff,True,0.9845486786870326,6.382209315896034,5.923890952020884,2.928187,0.044192884,0.9318041850780424,0.06129512857145236,0.5945945945945946,37,rich vs cross-asset fair value -> expect underperformance
LC3 Comdty,ags,log,True,0.9842461012955998,1.0333957970142365,0.17816969752311707,-0.8487547,0.088342205,1.1855623952346255,0.007881356543171115,0.43243243243243246,37,rich vs cross-asset fair value -> expect underperformance
USDJPY Curncy,fx,log,True,-0.9840703385299372,0.0482403039932251,0.699092447757721,-0.0857278,0.054547086,-0.802423154182363,-0.0012861397755941453,0.5652173913043478,46,cheap vs cross-asset fair value -> expect outperformance
TIP US Equity,inflation,log,True,0.9820785108785131,-5.144704163074493,-6.292284339666367,-3.1286952,-0.025625467,1.0147646007705198,-0.006660730481312001,0.6666666666666666,33,rich vs cross-asset fair value -> expect underperformance
SM1 Comdty,ags,log,True,0.9678294184466144,0.21469078212976456,-0.6833467558026314,2.464305,0.08517976,1.1339200208051725,0.08764950554639475,0.6170212765957447,47,rich vs cross-asset fair value -> expect underperformance
ALB US Equity,metals,log,True,-0.9385057113311863,-2.698206603527069,-1.0565197663381696,-1.4336207,-0.014339384,-1.0839527612886317,0.0207548668469393,0.5652173913043478,46,cheap vs cross-asset fair value -> expect outperformance
REM US Equity,equity,log,True,-0.9318853714387488,-5.519078798592091,-4.016922980546951,-4.0,-0.029191429,-0.9289906556692042,0.026806667365456335,0.6571428571428571,35,cheap vs cross-asset fair value -> expect outperformance
LH2 Comdty,ags,log,True,-0.9309000380822433,-1.6544577479362488,-0.4376114532351494,-2.3304346,0.043635536,-0.848170797915107,0.060574418277368876,0.6909090909090909,55,cheap vs cross-asset fair value -> expect outperformance
BO1 Comdty,ags,log,True,-0.9306874567789635,3.054530058056116,4.011736132204533,0.4852027,0.03412098,-0.856196659930954,0.05564434517496971,0.6190476190476191,42,cheap vs cross-asset fair value -> expect outperformance
EURGBP Curncy,fx,log,True,-0.9194578235362495,-0.5006222128868103,0.34996066987514496,-1.1697435,0.017665615,-0.8247520073397658,0.10635611733012017,0.6521739130434783,46,cheap vs cross-asset fair value -> expect outperformance
KC2 Comdty,ags,log,True,-0.9165405760497128,1.7961171083152294,2.1171656474471092,-0.9002592,0.019882258,-0.3560549105316789,-0.03549161244333087,0.4888888888888889,45,cheap vs cross-asset fair value -> expect outperformance
KOSPI Index,equity,log,True,-0.9156072265620169,-0.5769986435770988,0.7398840002715588,0.69180524,0.032278724,-0.77861462368544,0.00891421107291887,0.4166666666666667,48,cheap vs cross-asset fair value -> expect outperformance
USDCAD Curncy,fx,log,True,0.9139501363255758,3.5374898687005043,2.709508500993252,1.8228686,0.07376784,0.9444435847486773,-0.08206243718866402,0.44680851063829785,47,rich vs cross-asset fair value -> expect underperformance
GEBR10Y Index,rates,diff,True,-0.9110588909091276,0.5266118198633194,2.2759305983781815,0.20228557,0.020962585,-1.3945351817708174,-0.013984959900330836,0.44,50,cheap vs cross-asset fair value -> expect outperformance
USDBRL Curncy,fx,log,True,0.9056606329430341,3.867866814136505,2.51911960542202,0.14644016,0.029870773,0.9077899464029953,0.03572926664913249,0.5,30,rich vs cross-asset fair value -> expect underperformance
XLV US Equity,equity,log,True,0.9053069520492756,0.7694721817970276,-1.0000746697187424,1.8638918,0.047687076,0.9184077650012917,0.05713049783735025,0.660377358490566,53,rich vs cross-asset fair value -> expect underperformance
USDSGD Curncy,fx,log,True,-0.9045551757324126,1.4867598116397858,2.3619478940963745,-0.329472,0.049874328,-0.8070517821859274,-0.07031488608429148,0.32142857142857145,28,cheap vs cross-asset fair value -> expect outperformance
DXY Curncy,fx,log,True,-0.8981964794927433,2.6857481002807617,3.31469064950943,1.9464067,0.07977016,-0.8207762715580567,0.01282812352928334,0.5263157894736842,19,cheap vs cross-asset fair value -> expect outperformance
PL2 Comdty,metals,log,True,0.8899639095194074,-2.9419662170112133,-3.084937661886215,-0.7608612,-0.017694756,1.190796755998346,-0.00211755232242356,0.3617021276595745,47,rich vs cross-asset fair value -> expect underperformance
C 2 Comdty,ags,log,True,0.8847256571427334,-1.8815538808703423,-2.306720331311226,2.2817533,0.040998977,1.0649193320833028,-0.034271038910860877,0.46938775510204084,49,rich vs cross-asset fair value -> expect underperformance
UKX Index,equity,log,True,0.8736824314142276,0.18172965571284294,-0.8336189854890108,1.025617,0.057392787,0.8586350715231087,0.05452797129414888,0.39285714285714285,56,rich vs cross-asset fair value -> expect underperformance
GCAN2YR Index,rates,diff,True,-0.8513644661096492,2.3494139313697815,3.2696231603622437,2.5148082,0.057747457,-0.7856648350566924,0.03125298576876494,0.6226415094339622,53,cheap vs cross-asset fair value -> expect outperformance
SPGSCI Index,commodity_idx,log,True,0.8441973705765098,-0.21791642904281616,-0.6814996302127838,1.0700233,0.024228878,1.2361306746567269,0.05305286432184656,0.59375,64,rich vs cross-asset fair value -> expect underperformance
ITB US Equity,equity,log,True,0.8432952418180579,-1.3692887723445892,-2.6435046195983887,-1.6055996,0.02963157,1.0303311920343798,0.025019487786104876,0.5238095238095238,42,rich vs cross-asset fair value -> expect underperformance
IBOV Index,equity,log,True,-0.8390385895676161,-2.2978331446647644,-0.5429657772183418,0.724166,0.04640687,-0.7532618716188054,-0.06875191313610853,0.4,35,cheap vs cross-asset fair value -> expect outperformance
CT3 Comdty,ags,log,True,-0.8368869105711734,-1.8499262183904648,-1.48414745926857,0.97323036,-0.022376541,-0.515084350758545,0.01087675404699527,0.425,40,cheap vs cross-asset fair value -> expect outperformance
HO1 Comdty,energy,log,True,0.8276837162148087,-1.2938112318515778,-1.9843144863843918,1.3704147,0.038013555,1.050655837935508,0.05984299583912735,0.525,40,rich vs cross-asset fair value -> expect underperformance
EQIX US Equity,equity,log,True,-0.8273245658564018,-2.8657609075307846,-1.2462717052549124,0.51940674,0.012911182,-0.8747862815914932,0.04323613028621243,0.4634146341463415,41,cheap vs cross-asset fair value -> expect outperformance
XLI US Equity,equity,log,True,0.8146129182599702,-0.8589871600270271,-2.0145535320043564,0.012788591,0.017409356,0.8659093086910898,-0.04031113267546792,0.38,50,rich vs cross-asset fair value -> expect underperformance
XLB US Equity,equity,log,True,0.8088208335558403,-1.9418761134147644,-2.9863538593053818,0.039298844,0.024922755,0.8519112285110054,0.04038983888403643,0.5681818181818182,44,rich vs cross-asset fair value -> expect underperformance
PA1 Comdty,metals,log,True,-0.8067874176871375,-1.7234024703502655,-1.593674898147583,-1.3941283,-0.002417713,-0.4856313575796051,0.057589871531595636,0.5769230769230769,52,cheap vs cross-asset fair value -> expect outperformance
SCO3 Comdty,metals,log,True,-0.8041730864152439,-2.4562974497675896,-2.1212354451417923,-1.9470373,-0.021328708,-0.6344471467117159,0.02421048828072963,0.6428571428571429,42,cheap vs cross-asset fair value -> expect outperformance
USDKRW Curncy,fx,log,True,-0.8030143384108018,0.10333777219057083,2.264058955013752,-2.2524645,-0.012388753,-0.8394566467051952,0.017578341663858812,0.5135135135135135,37,cheap vs cross-asset fair value -> expect outperformance
LMSNDS03 Comdty,metals,log,True,0.8006051050658152,-0.43888356536626816,-0.6211998835206032,0.77474964,0.016960686,1.1708496311840455,0.1147298600982818,0.6041666666666666,48,rich vs cross-asset fair value -> expect underperformance
SUBFIN CDSI GEN 5Y Corp,credit,diff,True,0.7982636518007415,3.8615802712738514,3.5266795828938484,1.3069737,0.08257145,0.8799006970196799,0.059099091897499595,0.4444444444444444,36,rich vs cross-asset fair value -> expect underperformance
LIT US Equity,metals,log,True,0.7980003477839777,-2.452403798699379,-3.338686592876911,-0.5106573,-0.0027827937,0.8194474032181718,0.007446860582891859,0.5531914893617021,47,rich vs cross-asset fair value -> expect underperformance
DAX Index,equity,log,True,-0.7769488901803814,-0.33647000789642334,0.35163623094558716,0.9672915,0.040130325,-0.8509630724721134,-0.0357884329046609,0.4411764705882353,68,cheap vs cross-asset fair value -> expect outperformance
C 3 Comdty,ags,log,True,-0.7663392453322809,-2.0607535615563393,-1.6764738261699677,2.1736002,0.03655359,-0.6173680987901713,0.02520504877166084,0.5416666666666666,48,cheap vs cross-asset fair value -> expect outperformance
CL1 Comdty,energy,log,True,-0.7608608761839161,-0.5586544945836067,-0.1790010817348957,0.9191785,0.039073348,-0.4554588653003604,-0.017900996223389202,0.40425531914893614,47,cheap vs cross-asset fair value -> expect outperformance
GDBR2 Index,rates,diff,True,-0.7486577192622527,1.6615061592310667,2.3400756120681763,2.2965872,0.07171387,-0.4198198695611167,-0.013552621878654478,0.4166666666666667,48,cheap vs cross-asset fair value -> expect outperformance
ARCC US Equity,credit,log,True,0.7391897161937416,-1.104443110525608,-2.316982090473175,-0.2803866,0.012274082,0.9613611277587094,0.06405494669997634,0.5714285714285714,49,rich vs cross-asset fair value -> expect underperformance
USGGT30Y Index,inflation,diff,True,0.732080398802553,6.598365978337824,5.998484689742327,2.856647,0.047905125,0.6791304246465512,0.07658851247121698,0.5116279069767442,43,rich vs cross-asset fair value -> expect underperformance
HO6 Comdty,energy,log,True,-0.715468181296186,-1.2373536303639412,-0.9311693944036961,1.5140145,0.036626294,-0.2226308861276011,0.07432040969110228,0.5882352941176471,51,cheap vs cross-asset fair value -> expect outperformance
KW3 Comdty,ags,log,True,-0.7149747556909746,-3.4630911350250244,-3.2522843778133392,1.1610739,0.049007967,-0.45839947454533686,0.001300366347095077,0.4117647058823529,34,cheap vs cross-asset fair value -> expect outperformance
SI3 Comdty,metals,log,True,0.7119642055139261,-2.5025449431850575,-2.5662424489855766,-0.57157874,0.041731995,2.0698472964263286,-0.009558880443382493,0.325,40,rich vs cross-asset fair value -> expect underperformance
XOP US Equity,energy,log,True,-0.7117672707341809,-0.45848098397254944,0.4744983986020088,1.0397893,0.027000716,-0.5600955941337997,-0.009490135997708274,0.5106382978723404,47,cheap vs cross-asset fair value -> expect outperformance
FXCTEM8 Index,fx,log,True,0.7114600198399418,-3.4729072898626328,-4.3062542378902435,0.36733672,-0.021481551,0.8134053302891449,0.007530848136048488,0.8666666666666667,15,rich vs cross-asset fair value -> expect underperformance
USGG3YR Index,rates,diff,True,-0.7060628668678038,4.193767756223679,4.441977113485336,2.9111319,0.08190021,-0.25088888053701386,0.013152418821242243,0.5636363636363636,55,cheap vs cross-asset fair value -> expect outperformance
SM3 Comdty,ags,log,True,0.6956123237405168,-0.5030225701630116,-1.2126263603568077,2.562649,0.07047149,0.7975957302369753,-0.01622730722337598,0.5416666666666666,48,rich vs cross-asset fair value -> expect underperformance
USGGT05Y Index,inflation,diff,True,0.6901178330024066,4.471403297036886,4.101188694126904,2.7604678,0.09274065,0.9272629887726902,-0.01723887328821787,0.5714285714285714,49,rich vs cross-asset fair value -> expect underperformance
GDBR30 Index,rates,diff,True,0.6860316953769898,4.849730864167213,4.2492979764938354,2.603336,0.06936474,0.6224966364661926,0.014746934063286527,0.4864864864864865,37,rich vs cross-asset fair value -> expect underperformance
LMCADS03 Comdty,metals,log,True,0.6832979555781901,-2.0978880198672414,-2.299325481057167,1.2675396,0.020083811,0.5875663881371904,0.00037089036989258284,0.6285714285714286,35,rich vs cross-asset fair value -> expect underperformance
CADJPY Curncy,fx,log,True,0.6807127433813539,-1.961385041475296,-2.4190770387649536,-1.336602,0.012067502,0.9467835838628554,0.023528869589638,0.4864864864864865,37,rich vs cross-asset fair value -> expect underperformance
XB2 Comdty,energy,log,True,-0.6687030629503318,-1.0145739167928696,-0.24929378181695938,0.8644542,0.0128826015,-0.5342773565541976,-0.0664726724939215,0.4,40,cheap vs cross-asset fair value -> expect outperformance
CL6 Comdty,energy,log,True,-0.6648975805548256,-0.2687541991472244,-0.0047621652483940125,1.1272005,0.05287277,-0.27352929318867186,0.07089006794643363,0.5,48,cheap vs cross-asset fair value -> expect outperformance
USGGT10Y Index,inflation,diff,True,0.6637636385548272,6.459163164254278,6.220534801483154,3.0824785,0.07700376,0.3801125695271766,0.10942594743471505,0.7368421052631579,38,rich vs cross-asset fair value -> expect underperformance
AUDUSD Curncy,fx,log,True,-0.662946326712316,-4.224360644817352,-3.943693846464157,0.24628244,0.008338915,-0.6096877548635653,0.017293367042630323,0.49019607843137253,51,cheap vs cross-asset fair value -> expect outperformance
PL1 Comdty,metals,log,True,-0.660240409925109,-3.0221911817789078,-2.92664085701108,-0.7917919,-0.0190229,-0.6038483600604623,0.03516575039618163,0.391304347826087,46,cheap vs cross-asset fair value -> expect outperformance
W 2 Comdty,ags,log,True,0.6570012110152936,-2.563884884119034,-2.741797298192978,1.329339,0.051415104,1.048774315684225,-0.004607403679835148,0.6666666666666666,33,rich vs cross-asset fair value -> expect underperformance
SPW Index,equity,log,True,-0.6565015585943221,-2.1669302582740784,-1.7030558697879314,0.7215179,0.017553175,-0.607951784774415,0.0013340942774490798,0.4,50,cheap vs cross-asset fair value -> expect outperformance
URA US Equity,energy,log,True,0.6410058307106444,-2.894444014877081,-3.7424904853105545,-1.7290307,0.02247346,0.620799797309724,-0.011396136869385204,0.4897959183673469,49,rich vs cross-asset fair value -> expect underperformance
SM2 Comdty,ags,log,True,0.6406383275173988,-0.10864293947815895,-0.6572842933237553,2.4760299,0.07272237,0.790876203961963,-0.04243464648659293,0.5714285714285714,42,rich vs cross-asset fair value -> expect underperformance
RLG Index,equity,log,True,0.6370355233348081,-1.0636316686868668,-1.4923761449754238,1.2603294,0.062132396,0.700894058905749,0.0038024095058253648,0.4918032786885246,61,rich vs cross-asset fair value -> expect underperformance
SXXP Index,equity,log,True,0.635708931588295,-0.20225256821140647,-0.4451001137495041,1.0177059,0.045528475,0.5693155196800027,0.013983854874805354,0.6222222222222222,45,rich vs cross-asset fair value -> expect underperformance
KW1 Comdty,ags,log,True,0.6217847481422643,-3.0872394144535065,-3.4518851041793823,1.2377702,0.046517834,0.8090254474247791,0.05392017786336196,0.6052631578947368,38,rich vs cross-asset fair value -> expect underperformance
MAERSKB DC Equity,shipping,log,True,0.6162908284232848,0.6231318414211273,-0.9817300047725439,2.3722103,0.07718949,0.7179204478216782,-0.01012169527659224,0.6222222222222222,45,rich vs cross-asset fair value -> expect underperformance
TPNBNK Index,equity,log,True,-0.615399163009877,-0.13448679447174072,0.9433634579181671,1.3395702,0.04916872,-0.5611688449502312,-0.06664216609144862,0.3333333333333333,33,cheap vs cross-asset fair value -> expect outperformance
USGG12M Index,rates,diff,True,0.6113767167599232,3.6260770857334137,2.726365178823471,2.9999127,0.08843035,0.8335081758000933,-0.021092317597625036,0.5106382978723404,47,rich vs cross-asset fair value -> expect underperformance
QC3 Comdty,ags,log,True,-0.6090935975373148,0.8249576091766357,0.9996960945427418,0.876331,-0.0007944554,-0.36636727669999214,-0.0297520723730977,0.4634146341463415,41,cheap vs cross-asset fair value -> expect outperformance
ER4 Comdty,rates,diff,True,0.608220154418817,-2.106132388114929,-2.8114093020558357,-2.2993193,-0.052452337,0.5000387582842931,0.0023115995400499936,0.48936170212765956,47,rich vs cross-asset fair value -> expect underperformance
LMCADS15 Comdty,metals,log,True,0.6023744831317028,-2.1063791308552027,-2.266274619847536,1.2664059,0.016690325,0.4694171856295418,0.056323409816217695,0.5128205128205128,39,rich vs cross-asset fair value -> expect underperformance
TWSE Index,equity,log,True,0.5984528051713387,-0.2115882784128189,-1.0074472427368164,1.350793,0.046193227,0.8693425099052586,-0.004955462295998251,0.5,40,rich vs cross-asset fair value -> expect underperformance
CC5 Comdty,ags,log,True,0.593758719053723,0.887812502682209,0.6748758554458618,0.7718716,-9.844173e-05,0.8814539167096259,0.13133968644347715,0.6578947368421053,38,rich vs cross-asset fair value -> expect underperformance
REMX US Equity,metals,log,True,-0.5788875051634328,-3.579078435897827,-2.827260121703148,-1.7490407,-0.018067336,-0.6903687167883796,-0.09792111170013885,0.4909090909090909,55,cheap vs cross-asset fair value -> expect outperformance
USDCZK Curncy,fx,log,True,0.5755325891777772,3.7099717166274786,3.262833058834076,2.5397377,0.0899865,0.6249180893361137,-0.009645862486452415,0.5531914893617021,47,rich vs cross-asset fair value -> expect underperformance
RBT3 Comdty,metals,log,True,0.5721313565015823,-0.3575201481580734,-1.0598158361390233,0.23621391,0.0036945753,0.5488215458645658,0.026330868719748622,0.58,50,rich vs cross-asset fair value -> expect underperformance
SHSZ300 Index,equity,log,True,-0.5647139854448692,-3.8454372510313988,-3.34870582818985,-2.544338,-0.046010245,-0.4260894428215202,-0.03903991680083884,0.4722222222222222,72,cheap vs cross-asset fair value -> expect outperformance
AUDJPY Curncy,fx,log,True,-0.5645461220696215,-3.5969772515818477,-3.347793534398079,0.15258588,0.029966883,-0.4071648855979765,0.01673031303176897,0.5476190476190477,42,cheap vs cross-asset fair value -> expect outperformance
XLU US Equity,equity,log,True,-0.5582693078505184,-3.3735987842082977,-2.1969154998660088,-3.3342314,0.006408385,-0.4935875565592545,-0.048804049614875694,0.36,50,cheap vs cross-asset fair value -> expect outperformance
CDX EM CDSI GEN 5Y PRC Corp,credit,log,True,-0.5581501120913958,-3.7028080821037292,-3.138546496629715,-0.83209246,-0.008684454,-0.10871633898227843,-0.029364882430114196,0.4090909090909091,44,cheap vs cross-asset fair value -> expect outperformance
USDTRY Curncy,fx,log,True,0.5540950512303783,4.184374630451202,3.0020053684711456,1.8596437,0.14899153,0.8424044523203452,-0.15267035054139222,0.32142857142857145,56,rich vs cross-asset fair value -> expect underperformance
SMI Index,equity,log,True,0.5480701005768126,0.5624614953994751,-0.19023247808218002,0.9116948,0.058244612,0.5169865486332541,-0.0018089394574310684,0.6052631578947368,38,rich vs cross-asset fair value -> expect underperformance
CC2 Comdty,ags,log,True,-0.5336376077503203,0.6130507439374924,0.7248107269406319,0.72048026,-0.00055372063,-0.14298623764348048,0.03377494376518378,0.5135135135135135,37,cheap vs cross-asset fair value -> expect outperformance
RS3 Comdty,ags,log,True,-0.530272221140896,-0.7870338298380375,-0.4953194409608841,1.4449488,0.04733642,-0.3142142064038406,0.03636348322623878,0.46511627906976744,43,cheap vs cross-asset fair value -> expect outperformance
GSWISS10 Index,rates,diff,True,-0.5270751941562473,3.618310183286667,4.534950688481331,2.398853,0.0723204,-0.6355451868777621,-0.014135774456042827,0.47619047619047616,42,cheap vs cross-asset fair value -> expect outperformance
NG3 Comdty,energy,log,True,0.5264161452341665,3.5574998259544373,2.9371628761291504,1.1756939,0.065631054,0.5584033000497701,-0.00671458123063704,0.5333333333333333,60,rich vs cross-asset fair value -> expect underperformance
XBI US Equity,equity,log,True,-0.5173159048103866,-1.844907283782959,-0.9175841026008129,1.3413476,0.09440759,-0.4635910012424628,-0.06291530477105947,0.4,45,cheap vs cross-asset fair value -> expect outperformance
XLP US Equity,equity,log,True,0.5142756941840021,-0.573575884103775,-1.4417388923466206,-0.11508051,0.037501097,0.6048618379210963,0.004536012739856233,0.4897959183673469,49,rich vs cross-asset fair value -> expect underperformance
LMPBDS03 Comdty,metals,log,True,-0.5098684716245584,-2.5473457276821136,-2.2304204031825066,-1.0534184,-0.0033080876,-0.4772856679603813,0.06912205964398775,0.4594594594594595,37,cheap vs cross-asset fair value -> expect outperformance
JGL1 Comdty,energy,log,True,-0.5018330455668617,-1.2636091262102127,-0.03132364701014012,1.5016798,0.043658987,-0.5145780656676072,-0.0009874490022323814,0.45454545454545453,11,cheap vs cross-asset fair value -> expect outperformance
KO2 Comdty,ags,log,True,0.49894051909243603,-3.959160476922989,-4.137431845068932,0.4816064,-0.012276715,0.5443041501959088,0.005632179957333453,0.42857142857142855,28,rich vs cross-asset fair value -> expect underperformance
KKR US Equity,equity,log,True,-0.49485699936008964,-2.4098179936408997,-1.7240308336913586,-1.0012165,0.0057351654,-0.15852147301576627,-0.030475904756617978,0.43902439024390244,41,cheap vs cross-asset fair value -> expect outperformance
RHM GY Equity,equity,log,True,-0.49085079982094304,-1.4050855934619904,-0.4091867506504059,-1.8062512,-0.0014323369,-0.3222957694221387,0.08151329353907895,0.6458333333333334,48,cheap vs cross-asset fair value -> expect outperformance
LMZSDS03 Comdty,metals,log,True,0.4818899032303579,-1.1946019232273102,-1.5586141869425774,1.6145378,0.013651168,0.4261230851770491,0.0058754006309723215,0.4634146341463415,41,rich vs cross-asset fair value -> expect underperformance
HO12 Comdty,energy,log,True,-0.48063706075361823,-0.7623346894979477,-0.42709051072597504,1.691476,0.041855976,-0.19825338124845748,0.03350385270136268,0.6046511627906976,43,cheap vs cross-asset fair value -> expect outperformance
BX US Equity,equity,log,True,-0.4779301545137752,-3.5285871624946594,-2.850982129573822,-1.1754563,-0.025396917,-0.3364386916605951,0.010226438235003923,0.5423728813559322,59,cheap vs cross-asset fair value -> expect outperformance
RTY Index,equity,log,True,-0.4773855919331917,-2.5600048899650574,-2.1145686879754066,0.48298275,0.03299346,-0.48381814646538557,-0.00559638365988052,0.4883720930232558,43,cheap vs cross-asset fair value -> expect outperformance
MAIN US Equity,credit,log,True,0.4721059797758769,-1.2003794312477112,-2.0683799535036087,-0.37747008,0.019501392,1.055676526613978,0.05476057974204788,0.6818181818181818,44,rich vs cross-asset fair value -> expect underperformance
GACGB3 Index,rates,diff,True,-0.4690487870486491,-0.5592108368873596,-0.10369357466697693,1.5877165,0.04255768,-0.4628108771002925,0.02285907853054839,0.5142857142857142,35,cheap vs cross-asset fair value -> expect outperformance
SB3 Comdty,ags,log,True,-0.45961504412802573,-0.34773289412260056,-0.04863160848617554,1.8172121,0.023467414,-0.20951817073515058,-0.04876726123240986,0.5675675675675675,37,cheap vs cross-asset fair value -> expect outperformance
SLG US Equity,equity,log,True,-0.4516286988049425,-2.8963528126478195,-2.136694975197315,0.45926085,0.0032423944,-0.4207296062272612,-0.017099257871358117,0.5833333333333334,48,cheap vs cross-asset fair value -> expect outperformance
XBTUSD Curncy,crypto,log,True,-0.44584870746145083,-1.0988813191652298,-0.07965261489152908,0.49524212,0.001701694,0.12393137001143571,-0.13153981367715487,0.4098360655737705,61,cheap vs cross-asset fair value -> expect outperformance
W 3 Comdty,ags,log,True,-0.43885836583244126,-2.8032993376255035,-2.6863607615232468,1.2270426,0.05063028,0.007161314156648131,0.04786625604476356,0.5526315789473685,38,cheap vs cross-asset fair value -> expect outperformance
CT5 Comdty,ags,log,True,0.43834276293795293,-1.6907027810811996,-1.9974216502159834,1.0926328,-0.027221527,0.6795521095952851,-0.02642528371842659,0.4318181818181818,44,rich vs cross-asset fair value -> expect underperformance
BCOMPR Index,metals,log,True,-0.4349388184767724,-3.1900763735175133,-3.1055887639522552,-0.92969215,0.030428713,0.09553383528934643,-0.002538078230203629,0.543859649122807,57,cheap vs cross-asset fair value -> expect outperformance
USDZAR Curncy,fx,log,True,-0.4329998268822587,2.2225841246545315,2.8491984084248543,-0.2583449,0.019098382,-0.32446579411575605,0.02103698194928256,0.42857142857142855,42,cheap vs cross-asset fair value -> expect outperformance
LH1 Comdty,ags,log,True,0.42041938923434796,-0.6381071750074625,-1.397428710013628,-1.679263,0.013668278,0.42601009705601595,0.02588927368500867,0.4406779661016949,59,rich vs cross-asset fair value -> expect underperformance
MO2 Comdty,energy,log,True,-0.4164810814482939,-0.4973149858415127,-0.4441286735236645,1.1190028,0.052263867,-0.545039194630502,-0.023177495085808186,0.5081967213114754,61,cheap vs cross-asset fair value -> expect outperformance
CO12 Comdty,energy,log,True,0.40761859747850965,1.1427358807995915,0.9928790405392647,1.2822666,0.040767506,0.9256090948104636,0.004124531071935682,0.5333333333333333,45,rich vs cross-asset fair value -> expect underperformance
W 1 Comdty,ags,log,True,0.40211550857751355,-2.375389479100704,-2.6199630200862885,1.3362899,0.05062914,0.5145613360618544,0.009108795335688353,0.44642857142857145,56,rich vs cross-asset fair value -> expect underperformance
LMAHDS15 Comdty,metals,log,True,0.40150626829622255,-0.023622948676347733,-0.46524079889059067,0.57830566,-0.011470731,0.4767566345738874,0.06378334225786225,0.5454545454545454,44,rich vs cross-asset fair value -> expect underperformance
CDX IG CDSI GEN 5Y Corp,credit,diff,True,-0.40066469977942143,3.2461394369602203,3.6828162521123886,2.0266998,0.06341175,-0.39808261450098004,0.03556456459839177,0.6585365853658537,41,cheap vs cross-asset fair value -> expect outperformance
FWISUS55 Index,inflation,diff,True,0.3977674803170421,0.661122664809227,-0.08996863663196564,0.23002638,0.06008644,0.31813790024662575,0.10664480090964942,0.6153846153846154,26,rich vs cross-asset fair value -> expect underperformance
UX1 Index,vol,log,True,-0.3972582404260281,0.2921494394540787,0.7059454880654812,-0.57479584,0.02063141,-0.24786210265785005,0.1232940392800476,0.5333333333333333,15,cheap vs cross-asset fair value -> expect outperformance
LMNIDS15 Comdty,metals,log,True,0.3931156686867413,-2.2634412348270416,-2.379833906888962,-0.5439633,-0.033034373,0.28692550674076667,-0.015057586251334958,0.4444444444444444,54,rich vs cross-asset fair value -> expect underperformance
QS3 Comdty,energy,log,True,0.3844145314231007,-0.6030672788619995,-0.7411349713802338,1.431525,0.011592735,0.8895326264572976,0.019557199066130515,0.5,44,rich vs cross-asset fair value -> expect underperformance
GACGB10 Index,rates,diff,True,-0.3825224756236009,1.5408243322744966,1.880893737077713,2.0497997,0.04518527,-0.39416001860713634,0.03353306195527438,0.5833333333333334,24,cheap vs cross-asset fair value -> expect outperformance
LMAHDS27 Comdty,metals,log,True,0.37809240668012106,0.32280750572681427,-0.36881697177886963,0.85069185,-0.008396309,0.39515348957983093,0.057216628150427,0.5652173913043478,46,rich vs cross-asset fair value -> expect underperformance
USGG10YR Index,rates,diff,True,0.3732359368216085,6.116823986172676,6.035035461187363,3.1268783,0.06086827,0.5367456529743859,0.03293789141048142,0.5909090909090909,44,rich vs cross-asset fair value -> expect underperformance
SB4 Comdty,ags,log,True,0.3726912753202581,-0.3192647323012352,-0.6219569407403469,1.8015994,0.027385749,0.5419995150274386,0.049925778662776255,0.4166666666666667,36,rich vs cross-asset fair value -> expect underperformance
S 7 Comdty,ags,log,True,-0.37192617946275247,-2.557243660092354,-2.21332005597651,1.5187925,0.045891996,-0.2579921050978865,-0.0047917722374902424,0.4782608695652174,46,cheap vs cross-asset fair value -> expect outperformance
BO2 Comdty,ags,log,True,0.36991308873685635,4.0047458242625,3.5719290114939213,0.6392886,0.05091413,0.46695759283064386,0.011222480862647929,0.6129032258064516,31,rich vs cross-asset fair value -> expect underperformance
APO US Equity,equity,log,True,-0.36383382907924605,-1.995849385857582,-1.4209491796791553,-0.7590745,0.006198683,-0.27305568033313005,0.04800373787268202,0.5454545454545454,44,cheap vs cross-asset fair value -> expect outperformance
USDCLP Curncy,fx,log,True,-0.36161756350970226,3.144113138318062,3.7382841370999813,2.11171,0.0659443,-0.374786138906926,0.00257933775261714,0.4482758620689655,29,cheap vs cross-asset fair value -> expect outperformance
USDJPYV1M Curncy,vol,log,True,0.35979383578045704,2.952769234776497,2.1675333976745605,0.83094853,0.0026304089,0.21840875990369085,0.16565852438679302,0.8,40,rich vs cross-asset fair value -> expect underperformance
USGGBE05 Index,inflation,diff,True,-0.3546173863082785,0.8194236122071743,1.0647098198533058,-0.47441986,0.00818051,-0.11005033626103244,0.06063624490005812,0.5609756097560976,41,cheap vs cross-asset fair value -> expect outperformance
IGV US Equity,equity,log,True,0.35116448797312116,-0.5923302471637726,-1.389152403920889,0.8702814,0.028570997,0.5114728776878099,-0.005582810199832613,0.5471698113207547,53,rich vs cross-asset fair value -> expect underperformance
LMAHDS03 Comdty,metals,log,True,-0.3510768258372502,-0.3671499639749527,-0.20151647925376892,0.18713364,-0.019794714,-0.17691281709223985,0.008583483293040182,0.5510204081632653,49,cheap vs cross-asset fair value -> expect outperformance
GDBR5 Index,rates,diff,True,-0.34767587750286183,3.2268986254930496,3.3958472441881895,2.6997943,0.06837155,-0.24250491572990415,0.03717342917863494,0.5227272727272727,44,cheap vs cross-asset fair value -> expect outperformance
SAABB SS Equity,equity,log,True,0.34428480530351885,-0.012598499655723572,-0.6413799673318863,0.49645787,0.05488989,0.21283586703362128,-0.011389303578048723,0.4186046511627907,43,rich vs cross-asset fair value -> expect underperformance
EURJPY Curncy,fx,log,True,-0.33827876389363454,-2.1250395327806473,-1.8722391724586487,-1.7309394,0.0109723555,-0.26504675678216916,0.06448667404382237,0.574468085106383,47,cheap vs cross-asset fair value -> expect outperformance
SB2 Comdty,ags,log,True,0.3218160058387154,-0.3547646999359131,-0.5278314724564552,2.0168517,0.033484288,0.5668617162453936,0.03103420159381493,0.5116279069767442,43,rich vs cross-asset fair value -> expect underperformance
IBEX Index,equity,log,True,-0.3062697699196488,-0.3120253384113312,-0.02157149463891983,1.251232,0.026110638,-0.5603283280143504,0.012734022256710062,0.5135135135135135,37,cheap vs cross-asset fair value -> expect outperformance
CWB US Equity,credit,log,True,0.3041243001335236,-2.0745982378721237,-2.5397137217223644,0.5244925,0.02895796,0.3112672041011991,0.047934964098054415,0.42,50,rich vs cross-asset fair value -> expect underperformance
GUKG2 Index,rates,diff,True,0.3008113567129752,1.9850879423320293,1.57303686439991,2.2496665,0.024012148,0.5756318723493566,0.03940799070896086,0.5384615384615384,39,rich vs cross-asset fair value -> expect underperformance
TTFG3MON BCFV Index,energy,log,True,-0.2984820501708165,-1.2396201491355896,-1.1025682091712952,1.5303522,0.05001147,0.12927179226264482,0.015135838372416785,0.43902439024390244,41,cheap vs cross-asset fair value -> expect outperformance
GFRN10 Index,rates,diff,True,-0.2918348795490787,4.830620937049389,5.05094899982214,3.4349635,0.07645488,-0.39304649693405685,-0.03288972724384081,0.54,50,cheap vs cross-asset fair value -> expect outperformance
LMZSDS15 Comdty,metals,log,True,-0.2829403093340026,-1.3003579676151276,-1.056796982884407,1.6382866,0.008983318,-0.3028879765608775,0.026885500817784007,0.5384615384615384,39,cheap vs cross-asset fair value -> expect outperformance
QS1 Comdty,energy,log,True,-0.28092991928296085,-0.4526534676551819,-0.15860357880592346,1.2698393,-0.008938476,-0.09782162468995052,-0.047314360685828886,0.5,24,cheap vs cross-asset fair value -> expect outperformance
XLY US Equity,equity,log,True,-0.2731899258082582,-2.5136548578739166,-2.159290388226509,-2.0796444,0.011717468,-0.23564011149870104,-0.03758815682498254,0.49019607843137253,51,cheap vs cross-asset fair value -> expect outperformance
GUKGIN10 Index,inflation,diff,True,0.26418329038151706,2.9401113465428352,2.5726658515632153,2.0739193,0.054143984,0.18051661686407214,0.022026153494107973,0.5106382978723404,47,rich vs cross-asset fair value -> expect underperformance
SCO1 Comdty,metals,log,True,0.2627389963598942,-0.5061528384685516,-0.9644501358270645,-1.4458909,-0.031567547,0.3320418465029874,0.012381659222556367,0.41379310344827586,58,rich vs cross-asset fair value -> expect underperformance
ITRX EUR CDSI GEN 5Y Corp,credit,diff,True,0.2623667296522714,3.0113801434636116,2.8985662162303925,1.4781855,0.07502652,0.38304138705682456,-0.028611743097971924,0.5555555555555556,36,rich vs cross-asset fair value -> expect underperformance
CL36 Comdty,energy,log,True,-0.26150218546095355,0.1696556806564331,0.3681245855987072,0.7421568,0.03380111,-0.7512011976928192,0.043749821676987974,0.6829268292682927,41,cheap vs cross-asset fair value -> expect outperformance
GUKG30 Index,rates,diff,True,-0.25605919678204303,2.9049397110939026,3.090670168399811,1.8263216,0.010561967,-0.15740595450573472,0.1267806366026663,0.45652173913043476,46,cheap vs cross-asset fair value -> expect outperformance
XW1 Comdty,energy,log,True,0.2556405754887687,0.2577001005411148,-0.3645704910159111,1.3799334,0.015672844,0.6046158580662214,-0.11540894529485235,0.4675324675324675,77,rich vs cross-asset fair value -> expect underperformance
XLF US Equity,equity,log,True,-0.24234472477737637,-1.326343096792698,-0.9855325371026993,0.27381942,0.006299422,-0.2593216515059374,0.026251172437495897,0.6792452830188679,53,cheap vs cross-asset fair value -> expect outperformance
GJGB30 Index,rates,diff,True,-0.24175707978428768,2.3041363209486008,2.6897319108247757,1.6718129,0.045148764,-0.2800141480379312,0.055505545852953635,0.5483870967741935,31,cheap vs cross-asset fair value -> expect outperformance
AS51 Index,equity,log,True,0.24104171776754219,-0.8237244486808777,-1.244548887014389,-0.5235029,-0.013185855,0.46347685840239056,-0.03693969020709437,0.4444444444444444,36,rich vs cross-asset fair value -> expect underperformance
TTFG6MON BCFV Index,energy,log,True,-0.23899772729471042,-0.9847313165664673,-0.7308907359838486,1.512407,0.044287823,-0.012659100908641946,0.017389495867466753,0.46808510638297873,47,cheap vs cross-asset fair value -> expect outperformance
HG12 Comdty,metals,log,True,0.23432997321103957,-1.4493850618600845,-1.6457388252019882,1.3048722,0.036204275,0.146132279370253,-0.04589125059189621,0.4827586206896552,29,rich vs cross-asset fair value -> expect underperformance
C 1 Comdty,ags,log,True,-0.2314932533140229,-1.8196162655949593,-1.6580694764852524,2.4755185,0.046265583,-0.11931372371014735,0.105109784566483,0.5789473684210527,57,cheap vs cross-asset fair value -> expect outperformance
QC2 Comdty,ags,log,True,-0.22523153688767888,0.8178158551454544,0.8754360154271126,0.8786806,0.002164973,0.048328666460341355,-0.030207055509413633,0.29545454545454547,44,cheap vs cross-asset fair value -> expect outperformance
SP5LVI Index,equity,log,True,0.2172637452008771,-1.76752507686615,-2.106516510248184,-1.4566134,0.010277872,0.35515020735855946,0.022005404762312955,0.4444444444444444,54,rich vs cross-asset fair value -> expect underperformance
C 5 Comdty,ags,log,True,0.21212682198194546,-1.4008533954620361,-1.609064657241106,1.1937647,0.022957442,0.30729615188260934,0.0026302884352657307,0.4791666666666667,48,rich vs cross-asset fair value -> expect underperformance
NZDUSD Curncy,fx,log,True,0.21121029340626735,-2.813205935060978,-3.084810733795166,-1.670097,-0.019576253,0.15076965457581953,0.041147199483523675,0.4883720930232558,43,rich vs cross-asset fair value -> expect underperformance
LC2 Comdty,ags,log,True,-0.20162816737528894,0.5717739760875702,0.7455003336071968,-1.1086088,0.098039605,-0.013235192760504663,-0.00800738063298079,0.40476190476190477,42,cheap vs cross-asset fair value -> expect outperformance
SHCOMP Index,equity,log,True,0.19524750592385262,-3.4074904769659042,-3.5800335854291916,-1.6463066,-0.038066726,0.30552527133675605,0.03321781962727925,0.4864864864864865,74,rich vs cross-asset fair value -> expect underperformance
NDX Index,equity,log,True,-0.1836775564334959,-1.174606030806899,-1.0639251060783863,1.4397241,0.07592966,-0.12576246575510885,0.050267318866236047,0.48148148148148145,54,cheap vs cross-asset fair value -> expect outperformance
SB1 Comdty,ags,log,True,-0.18363533146119015,-0.32692500203847885,-0.19586648046970367,1.9841514,0.034657378,-0.00724851083142163,0.010809208545490012,0.4375,48,cheap vs cross-asset fair value -> expect outperformance
QS2 Comdty,energy,log,True,-0.18294185675982527,-0.7812373042106628,-0.7132797837257385,1.31832,0.0034314431,0.39681681043407524,-0.0379045689033811,0.5666666666666667,30,cheap vs cross-asset fair value -> expect outperformance
CC3 Comdty,ags,log,True,-0.18148725683441522,0.6436964720487595,0.6660863272845745,0.72892517,-0.0004989961,0.41733414115648604,0.044635951285581545,0.41379310344827586,29,cheap vs cross-asset fair value -> expect outperformance
SOX Index,equity,log,True,0.17920380852747142,-0.5812798887491226,-0.7739710807800293,1.1365808,0.07308609,0.09603839446105877,0.008647611880962875,0.5,42,rich vs cross-asset fair value -> expect underperformance
SPX Index,equity,log,True,-0.17746873820193432,-1.3756661117076874,-1.2769634425640106,1.3946157,0.059207316,-0.12191051240423184,-0.018468279664274636,0.47619047619047616,63,cheap vs cross-asset fair value -> expect outperformance
USDCHF Curncy,fx,log,True,0.17454892038615621,3.9196455776691437,3.7273178696632385,2.6616862,0.08599734,0.003953966714006127,0.0005954930716406767,0.39473684210526316,38,rich vs cross-asset fair value -> expect underperformance
USDIDR Curncy,fx,log,True,0.1743416464781114,1.826949417591095,1.472753956913948,1.389129,0.2034165,-0.037164950452609806,-0.06709996097298633,0.4827586206896552,58,rich vs cross-asset fair value -> expect underperformance
BA/ LN Equity,equity,log,True,-0.17181377972996129,-0.6863431856036186,-0.35387464612722397,0.01475414,0.018961357,-0.13308370284041904,0.011798641981731382,0.5238095238095238,42,cheap vs cross-asset fair value -> expect outperformance
TRAN Index,equity,log,True,0.16778075515289456,-1.177949957549572,-1.4944617599248886,0.093857825,0.041844957,0.1936261879824262,-0.035012498392720526,0.5348837209302325,43,rich vs cross-asset fair value -> expect underperformance
BKLN US Equity,credit,log,True,0.16415201956380673,-2.757004737854004,-3.0776838064193726,-0.76705444,-0.0066110827,0.24070920781979868,-0.003880569360929218,0.5121951219512195,41,rich vs cross-asset fair value -> expect underperformance
FWISEU55 Index,inflation,diff,True,-0.1626123838414055,0.5769959986209869,0.9167384579777718,0.6466607,0.024081495,-0.03769322172998257,0.05266380086619757,0.4307692307692308,65,cheap vs cross-asset fair value -> expect outperformance
SCO2 Comdty,metals,log,True,-0.1565452420163,-2.3355076611042023,-2.2557217217981815,-1.9941005,-0.023142897,0.011157029832754203,0.04630305629918782,0.6666666666666666,33,cheap vs cross-asset fair value -> expect outperformance
HTGC US Equity,credit,log,True,0.15455211791634466,-1.3784602880477905,-1.7000554203987122,0.2191624,-0.011714667,0.38350299863318305,0.024538933036185616,0.5961538461538461,52,rich vs cross-asset fair value -> expect underperformance
USDPLN Curncy,fx,log,True,0.15021271310411632,3.3590417206287384,3.204045921564102,2.5188549,0.06251807,0.15126110852012473,0.04836974891375509,0.5,32,rich vs cross-asset fair value -> expect underperformance
KC5 Comdty,ags,log,True,0.14199160843273576,2.059182096272707,1.994723167270422,-0.57503116,0.019644665,0.5995280634683063,0.04328368686973234,0.5217391304347826,46,rich vs cross-asset fair value -> expect underperformance
QS6 Comdty,energy,log,True,-0.14181412948955982,-0.5757248997688293,-0.5173479914665222,1.6067177,0.02168328,0.2319561167464536,-0.015644088983847688,0.32558139534883723,43,cheap vs cross-asset fair value -> expect outperformance
HG1 Comdty,metals,log,True,-0.13671438114442452,-1.5000806152820587,-1.4762954711914062,1.2366174,0.015281055,-0.6464132222887815,0.03719275672265489,0.4358974358974359,39,cheap vs cross-asset fair value -> expect outperformance
VNO US Equity,equity,log,True,-0.12942113324128218,-1.8170320689678192,-1.6282397508621216,0.107675925,0.022787882,-0.12449452460261005,-0.007793428303426879,0.5245901639344263,61,cheap vs cross-asset fair value -> expect outperformance
HYG US Equity,credit,log,True,-0.12542139741684724,-5.781811684370041,-5.63161676377058,-3.4910173,-0.035605147,-0.040232929319647594,0.0822611298925235,0.5777777777777777,45,cheap vs cross-asset fair value -> expect outperformance
GSPG10YR Index,rates,diff,True,-0.12040499382243183,4.490063399076462,4.564989231526852,3.0634186,0.07278273,-0.18773830186306123,0.06633334118667986,0.5365853658536586,41,cheap vs cross-asset fair value -> expect outperformance
RLV Index,equity,log,True,0.11935771953511051,-1.6632625460624695,-1.742294842377305,1.2055544,0.03811306,0.18745816218776043,-0.0003535042474314681,0.45454545454545453,55,rich vs cross-asset fair value -> expect underperformance
USDHUF Curncy,fx,log,True,-0.11899101538891742,3.6665285527706146,3.8243735134601593,0.37427863,0.06065036,0.024633951744756247,0.0435037449872495,0.6458333333333334,48,cheap vs cross-asset fair value -> expect outperformance
USGGBE10 Index,inflation,diff,True,0.11709456946662757,0.8940483555197716,0.8281207978725433,0.35859188,0.024394648,0.37578536035805654,-0.01805664548013622,0.3684210526315789,38,rich vs cross-asset fair value -> expect underperformance
PSEC US Equity,credit,log,True,0.11096897213823695,-1.5759612768888474,-1.813692033290863,-1.6259272,0.034679644,0.28015054535577977,0.0314609541705077,0.5555555555555556,54,rich vs cross-asset fair value -> expect underperformance
SQM US Equity,metals,log,True,-0.10416090143471216,-2.739653170108795,-2.553757317364216,-0.5867597,0.00023187976,0.02418286903092274,-0.026853427331452986,0.4146341463414634,41,cheap vs cross-asset fair value -> expect outperformance
1919 HK Equity,shipping,log,True,0.1038330711163854,-1.5512468926608562,-1.7781114727258682,1.5758132,0.0022857953,0.1115473533586256,-0.03660962265207584,0.40540540540540543,37,rich vs cross-asset fair value -> expect underperformance
LH4 Comdty,ags,log,True,-0.10165302294548532,-1.9942437708377838,-1.8384133018553257,-1.4919503,-0.008110149,-0.04770027105270721,-0.0216743139036111,0.4489795918367347,49,cheap vs cross-asset fair value -> expect outperformance
MXWD Index,equity,log,True,-0.1003904776014095,-1.7944129407405853,-1.74411141872406,1.2543257,0.04478278,-0.12815045121812899,-0.02567675393685618,0.4878048780487805,41,cheap vs cross-asset fair value -> expect outperformance
FTSEMIB Index,equity,log,True,0.09857042306947124,0.2179344892501831,0.12206366658210754,1.1908734,0.028405452,-0.10852658382478238,0.04271477018966904,0.48333333333333334,60,rich vs cross-asset fair value -> expect underperformance
VNQ US Equity,equity,log,True,-0.09749284054060467,-3.8938112407922745,-3.809249237179756,-0.84889054,0.0051881196,-0.037171862854820964,0.0005489289010022601,0.6097560975609756,41,cheap vs cross-asset fair value -> expect outperformance
KRE US Equity,equity,log,True,-0.09670671196587888,-0.8121341466903687,-0.6833087243139744,0.33357564,0.019988708,-0.03763971126887207,0.019728335469004047,0.6097560975609756,41,cheap vs cross-asset fair value -> expect outperformance
GBTPGR10 Index,rates,diff,True,0.09521102481190528,3.957714304327965,3.8996027894318104,2.9692776,0.07539469,0.3111389088050969,-0.04547680543237685,0.4594594594594595,37,rich vs cross-asset fair value -> expect underperformance
2603 TT Equity,shipping,log,True,0.08919230597787395,-0.9009974896907806,-1.1120690703392029,1.877945,0.009940378,0.37165103426015106,-0.0636096859399357,0.43478260869565216,46,rich vs cross-asset fair value -> expect underperformance
USDINR Curncy,fx,log,True,-0.07862405722785266,1.3452018164098263,1.5224179327487946,1.1461699,0.16076434,-0.6395993545282921,-0.03284414323988741,0.5238095238095238,42,cheap vs cross-asset fair value -> expect outperformance
BXP US Equity,equity,log,True,-0.07775586668900851,-1.7910384982824326,-1.6739658694714308,-0.2720325,0.0073082414,-0.07195311619743407,0.03302870513941433,0.5294117647058824,51,cheap vs cross-asset fair value -> expect outperformance
DLR US Equity,equity,log,True,-0.07074466186596487,-2.4492968767881393,-2.3132766112685204,-0.022892205,0.045257498,-0.02644941528148542,0.045647692726200714,0.4426229508196721,61,cheap vs cross-asset fair value -> expect outperformance
CO6 Comdty,energy,log,True,-0.07049314594582753,0.8596279844641685,0.8813821375370026,1.2414855,0.04312014,0.5816880514113798,0.03889426441873927,0.4791666666666667,48,cheap vs cross-asset fair value -> expect outperformance
CL24 Comdty,energy,log,True,-0.06680330387377062,0.5424209833145142,0.571683406829834,1.0457243,0.048357762,0.02037321604899995,0.012986845217433929,0.4772727272727273,44,cheap vs cross-asset fair value -> expect outperformance
KC3 Comdty,ags,log,True,-0.06524727652335476,1.9822764918208122,1.9971934482455254,-0.7185076,0.023809183,0.7651706796918492,-0.034268681062441686,0.5111111111111111,45,cheap vs cross-asset fair value -> expect outperformance
RS2 Comdty,ags,log,True,0.06492066518771866,-0.7983555253595114,-0.831357479095459,1.4037324,0.0463901,0.2263321531105751,0.0517034453121466,0.574468085106383,47,rich vs cross-asset fair value -> expect underperformance
BCOM Index,commodity_idx,log,True,-0.059371291540974085,-1.7647627890110016,-1.7215119376778603,1.2241782,0.032437846,0.09698131204805056,-0.032010521055041805,0.37735849056603776,53,cheap vs cross-asset fair value -> expect outperformance
QC1 Comdty,ags,log,True,0.05879825269500549,1.303535595536232,1.2658427488058805,0.84145284,0.00425067,0.18495390715253565,0.029556745696232938,0.47058823529411764,51,rich vs cross-asset fair value -> expect underperformance
RBT2 Comdty,metals,log,True,0.048978630140892425,-0.48246200382709503,-0.5545341670513153,0.14627443,-0.0004113391,-0.012103659007263158,0.014525652917996297,0.3617021276595745,47,rich vs cross-asset fair value -> expect underperformance
LH3 Comdty,ags,log,True,0.04362613971468965,-2.0601872205734253,-2.1037407517433167,-1.9999268,-9.2098024e-05,0.11005292655930383,-0.014683151513657327,0.44642857142857145,56,rich vs cross-asset fair value -> expect underperformance
KC1 Comdty,ags,log,True,0.03885921180486263,1.9380549415946007,1.9096526354551315,-0.8927598,0.012892591,0.2728534855332389,0.006852936146096642,0.5384615384615384,39,rich vs cross-asset fair value -> expect underperformance
TTFG1MON OECM Index,energy,log,True,0.035690198765522645,-0.6383742988109589,-0.6741934418678284,1.6546483,0.062226046,0.2429802545074203,0.03350345167870278,0.375,32,rich vs cross-asset fair value -> expect underperformance
GDBR10 Index,rates,diff,True,0.024844863368241595,4.39463808760047,4.384023442864418,2.863276,0.06769927,0.06040119634686594,7.575909027536713e-05,0.5,44,rich vs cross-asset fair value -> expect underperformance
RBT1 Comdty,metals,log,True,0.020078864610122787,-1.017538696527481,-1.055587314069271,-0.19157065,-0.022205949,0.034240864755007594,0.007433162702417726,0.425531914893617,47,rich vs cross-asset fair value -> expect underperformance
USSWIT1 Curncy,inflation,diff,True,-0.014636706045345229,1.6456763986498117,1.6646358892321587,-0.385371,-0.036114503,0.3745351003204124,-0.13458405643177476,0.37142857142857144,70,cheap vs cross-asset fair value -> expect outperformance
XB3 Comdty,energy,log,True,-0.014024064770274722,-0.26844924688339233,-0.2534146383404732,0.8289038,0.008745749,0.14377969397697551,0.03568096238412244,0.5952380952380952,42,cheap vs cross-asset fair value -> expect outperformance
LDO IM Equity,equity,log,True,-0.006788852648704416,-0.5680633559823036,-0.5565735585987568,-0.94621366,-0.0019832086,0.06796576022241393,-0.03036308974840973,0.48936170212765956,47,cheap vs cross-asset fair value -> expect outperformance
FF12 Comdty,rates,diff,True,-8.672694731314252e-05,-3.1482399702072144,-3.1481548249721527,-2.4990358,-0.06319163,-0.10582594223251854,0.011862670568768852,0.4857142857142857,35,cheap vs cross-asset fair value -> expect outperformance
