model,threshold,hold_days,universe,sharpe_gross,sharpe_net,daily_turnover
transformer hybrid,2.0,5,all,0.49535093423634863,-0.9834194824663981,0.41618048863093077
transformer hybrid,2.0,5,rates+ags+energy+metals,0.9483269849907039,-0.13945871530655857,0.4215381810739065
transformer hybrid,2.0,10,all,0.11935650669162323,-0.9343899153210194,0.23756125811828602
transformer hybrid,2.0,10,rates+ags+energy+metals,0.5572520288571837,-0.222875659552091,0.2421390470620592
transformer hybrid,3.0,5,all,0.7851224875973304,0.00571539222771526,0.41510305928440455
transformer hybrid,3.0,5,rates+ags+energy+metals,1.1294348610026492,0.5593254837098308,0.3685246532217455
transformer hybrid,3.0,10,all,0.37269682659857895,-0.20836940660481887,0.24776029632976856
transformer hybrid,3.0,10,rates+ags+energy+metals,0.6583757858037653,0.21990082141090517,0.23094460433658037
linear ridge,2.0,5,all,0.09107152058019231,-1.0055300947998094,0.39356698731273915
linear ridge,2.0,5,rates+ags+energy+metals,0.3576303637589313,-0.39118731822593505,0.38611850057515434
linear ridge,2.0,10,all,-0.15156510414240482,-0.8215337171008107,0.22069488415486146
linear ridge,2.0,10,rates+ags+energy+metals,0.06023829828844951,-0.38443341238595735,0.215823034670155
linear ridge,3.0,5,all,0.2678872086547302,-0.40309276976178937,0.4104880404165667
linear ridge,3.0,5,rates+ags+energy+metals,0.5058231204427465,0.01937688180438347,0.37807922008762274
linear ridge,3.0,10,all,-0.13708857220293483,-0.6104009747173329,0.24038272399915656
linear ridge,3.0,10,rates+ags+energy+metals,0.09070774845233757,-0.25033328723597686,0.2277158010914247
