ticker,rev_corr,hit_rate_when_|z|>2,n_signals
USGG3M Index,-0.12033245166566237,0.2765957446808511,47
USGG12M Index,-0.021092317597625036,0.5106382978723404,47
USGG2YR Index,0.03138477606273819,0.6086956521739131,23
USGG3YR Index,0.013152418821242243,0.5636363636363636,55
USGG5YR Index,-0.06916018932087609,0.42105263157894735,38
USGG7YR Index,0.05108928671974818,0.5294117647058824,34
USGG10YR Index,0.03293789141048142,0.5909090909090909,44
H15T20Y Index,-0.010688456390667565,0.3,20
USGG30YR Index,0.06129512857145236,0.5945945945945946,37
FF3 Comdty,0.04689775087341526,0.35,40
FF6 Comdty,-0.0054982648657956,0.5531914893617021,47
FF12 Comdty,0.011862670568768852,0.4857142857142857,35
FEDL01 Index,0.03612070220839343,0.08163265306122448,49
IRRBIOER Index,0.01657958152116194,0.008368200836820083,239
MOVE Index,0.12957556697340197,0.5945945945945946,37
USGGT05Y Index,-0.01723887328821787,0.5714285714285714,49
USGGT10Y Index,0.10942594743471505,0.7368421052631579,38
USGGT30Y Index,0.07658851247121698,0.5116279069767442,43
USGGBE05 Index,0.06063624490005812,0.5609756097560976,41
USGGBE10 Index,-0.01805664548013622,0.3684210526315789,38
FWISUS55 Index,0.10664480090964942,0.6153846153846154,26
USSWIT1 Curncy,-0.13458405643177476,0.37142857142857144,70
USSWIT2 Curncy,-0.04585842351826943,0.4146341463414634,41
FWISEU55 Index,0.05266380086619757,0.4307692307692308,65
GUKGIN10 Index,0.022026153494107973,0.5106382978723404,47
TIP US Equity,-0.006660730481312001,0.6666666666666666,33
GDBR2 Index,-0.013552621878654478,0.4166666666666667,48
GDBR5 Index,0.03717342917863494,0.5227272727272727,44
GDBR10 Index,7.575909027536713e-05,0.5,44
GDBR30 Index,0.014746934063286527,0.4864864864864865,37
GBTPGR10 Index,-0.04547680543237685,0.4594594594594595,37
GFRN10 Index,-0.03288972724384081,0.54,50
GSPG10YR Index,0.06633334118667986,0.5365853658536586,41
GUKG2 Index,0.03940799070896086,0.5384615384615384,39
GUKG10 Index,0.015733496492388185,0.45454545454545453,44
GUKG30 Index,0.1267806366026663,0.45652173913043476,46
GJGB2 Index,0.05251777440008147,0.6,40
GJGB10 Index,0.0516484567439733,0.5428571428571428,35
GJGB30 Index,0.055505545852953635,0.5483870967741935,31
GACGB3 Index,0.02285907853054839,0.5142857142857142,35
GACGB10 Index,0.03353306195527438,0.5833333333333334,24
GCAN2YR Index,0.03125298576876494,0.6226415094339622,53
GCAN10YR Index,0.0010895318961543405,0.4358974358974359,39
GSWISS10 Index,-0.014135774456042827,0.47619047619047616,42
GCNY10YR Index,-0.01811275110990908,0.6153846153846154,65
GIND10YR Index,-0.005217336695577917,0.5,50
GEBR10Y Index,-0.013984959900330836,0.44,50
GMXN10YR Index,0.026044616430552274,0.4423076923076923,52
GSAB10YR Index,-0.010936627778250508,0.4722222222222222,36
BENCH Index,-0.16506872528158043,0.3125,80
ER4 Comdty,0.0023115995400499936,0.48936170212765956,47
SPX Index,-0.018468279664274636,0.47619047619047616,63
NDX Index,0.050267318866236047,0.48148148148148145,54
RTY Index,-0.00559638365988052,0.4883720930232558,43
SPW Index,0.0013340942774490798,0.4,50
TRAN Index,-0.035012498392720526,0.5348837209302325,43
RLG Index,0.0038024095058253648,0.4918032786885246,61
RLV Index,-0.0003535042474314681,0.45454545454545453,55
SP5LVI Index,0.022005404762312955,0.4444444444444444,54
XLK US Equity,0.0034910928223795303,0.4745762711864407,59
XLF US Equity,0.026251172437495897,0.6792452830188679,53
XLE US Equity,0.009454656614090841,0.39215686274509803,51
XLV US Equity,0.05713049783735025,0.660377358490566,53
XLI US Equity,-0.04031113267546792,0.38,50
XLY US Equity,-0.03758815682498254,0.49019607843137253,51
XLP US Equity,0.004536012739856233,0.4897959183673469,49
XLU US Equity,-0.048804049614875694,0.36,50
XLB US Equity,0.04038983888403643,0.5681818181818182,44
IYR US Equity,-0.024237380796095435,0.4745762711864407,59
SOX Index,0.008647611880962875,0.5,42
KRE US Equity,0.019728335469004047,0.6097560975609756,41
ITB US Equity,0.025019487786104876,0.5238095238095238,42
XBI US Equity,-0.06291530477105947,0.4,45
IGV US Equity,-0.005582810199832613,0.5471698113207547,53
XOP US Equity,-0.009490135997708274,0.5106382978723404,47
SX5E Index,0.020497808735403307,0.5,56
DAX Index,-0.0357884329046609,0.4411764705882353,68
UKX Index,0.05452797129414888,0.39285714285714285,56
CAC Index,-0.030065935397407602,0.4666666666666667,45
FTSEMIB Index,0.04271477018966904,0.48333333333333334,60
SMI Index,-0.0018089394574310684,0.6052631578947368,38
IBEX Index,0.012734022256710062,0.5135135135135135,37
SXXP Index,0.013983854874805354,0.6222222222222222,45
SX7E Index,-0.059532116276196353,0.5,50
RHM GY Equity,0.08151329353907895,0.6458333333333334,48
BA/ LN Equity,0.011798641981731382,0.5238095238095238,42
HO FP Equity,0.046468475828417455,0.6274509803921569,51
LDO IM Equity,-0.03036308974840973,0.48936170212765956,47
SAABB SS Equity,-0.011389303578048723,0.4186046511627907,43
NKY Index,0.07002917812901076,0.5081967213114754,61
TPX Index,-0.06282045689293983,0.37777777777777777,45
TPNBNK Index,-0.06664216609144862,0.3333333333333333,33
HSI Index,-0.06362460433005267,0.5227272727272727,44
HSCEI Index,0.05495256110943611,0.6744186046511628,43
SHSZ300 Index,-0.03903991680083884,0.4722222222222222,72
SHCOMP Index,0.03321781962727925,0.4864864864864865,74
KOSPI Index,0.00891421107291887,0.4166666666666667,48
TWSE Index,-0.004955462295998251,0.5,40
NIFTY Index,0.045969289540485896,0.44680851063829785,47
AS51 Index,-0.03693969020709437,0.4444444444444444,36
SPTSX Index,-0.023738694083877784,0.4897959183673469,49
IBOV Index,-0.06875191313610853,0.4,35
MEXBOL Index,0.018348568762628224,0.4897959183673469,49
TOP40 Index,0.07702803423444136,0.625,32
SASEIDX Index,-0.03207951027592067,0.4489795918367347,49
MXEF Index,0.012641212278679141,0.48717948717948717,39
MXWD Index,-0.02567675393685618,0.4878048780487805,41
VIX Index,0.016407179388343116,0.5185185185185185,27
UX1 Index,0.1232940392800476,0.5333333333333333,15
UX2 Index,0.026037841143498004,0.2857142857142857,21
VVIX Index,0.11606418266703127,0.5675675675675675,37
V2X Index,0.05630621320115955,0.5357142857142857,28
VXN Index,0.019580564780934014,0.4,30
RVX Index,0.039719523076209066,0.5428571428571428,35
OVX Index,0.07945533348674073,0.5434782608695652,46
GVZ Index,0.07711177468754778,0.5862068965517241,29
SKEW Index,0.2228791601925772,0.7391304347826086,23
EURUSDV1M Curncy,0.08127888416223183,0.6,25
USDJPYV1M Curncy,0.16565852438679302,0.8,40
JPMVXYGL Index,-0.005230353326422009,0.4782608695652174,23
JPMVXYEM Index,0.008285668003966637,0.3953488372093023,43
USDJPY25R1M Curncy,0.08417674262532412,0.6557377049180327,61
CDX IG CDSI GEN 5Y Corp,0.03556456459839177,0.6585365853658537,41
CDX HY CDSI GEN 5Y PRC Corp,0.045905990530480764,0.4716981132075472,53
ITRX EUR CDSI GEN 5Y Corp,-0.028611743097971924,0.5555555555555556,36
ITRX XOVER CDSI GEN 5Y Corp,0.038548551228144184,0.4722222222222222,36
SNRFIN CDSI GEN 5Y Corp,-0.03250078931748633,0.6486486486486487,37
SUBFIN CDSI GEN 5Y Corp,0.059099091897499595,0.4444444444444444,36
CDX EM CDSI GEN 5Y PRC Corp,-0.029364882430114196,0.4090909090909091,44
LUACOAS Index,-0.028903257890463496,0.4262295081967213,61
LF98OAS Index,-0.014703688454248631,0.48936170212765956,47
LCB1OAS Index,-0.07557085527843847,0.3442622950819672,61
BCAUOAS  Index,-0.008302570842164835,0.5423728813559322,59
LECPOAS  Index,-0.12241838516933817,0.4731182795698925,93
LP01OAS  Index,-0.03317847979077685,0.42,50
LUMSOAS Index,0.04910149890824571,0.6153846153846154,26
MTGEFNCL Index,0.01676994674278655,0.5641025641025641,39
JPEIDISP Index,0.04726442702739658,0.65,40
SPBDAL Index,-0.2490824159276759,0.31092436974789917,119
BKLN US Equity,-0.003880569360929218,0.5121951219512195,41
LQD US Equity,0.03206912564663056,0.49019607843137253,51
HYG US Equity,0.0822611298925235,0.5777777777777777,45
EMB US Equity,0.07056756240091733,0.5675675675675675,37
MUB US Equity,-0.029137217103756222,0.4897959183673469,49
MBB US Equity,0.050019084348531535,0.5454545454545454,44
CWB US Equity,0.047934964098054415,0.42,50
BVMB10Y Index,-0.06454623064334657,0.36764705882352944,68
ARCC US Equity,0.06405494669997634,0.5714285714285714,49
MAIN US Equity,0.05476057974204788,0.6818181818181818,44
HTGC US Equity,0.024538933036185616,0.5961538461538461,52
PSEC US Equity,0.0314609541705077,0.5555555555555556,54
BX US Equity,0.010226438235003923,0.5423728813559322,59
KKR US Equity,-0.030475904756617978,0.43902439024390244,41
APO US Equity,0.04800373787268202,0.5454545454545454,44
BBDXY Index,0.006567389441947335,0.47619047619047616,42
DXY Curncy,0.01282812352928334,0.5263157894736842,19
EURUSD Curncy,0.039558362278918575,0.40476190476190477,42
USDJPY Curncy,-0.0012861397755941453,0.5652173913043478,46
GBPUSD Curncy,-0.03298314882812048,0.2727272727272727,33
AUDUSD Curncy,0.017293367042630323,0.49019607843137253,51
USDCAD Curncy,-0.08206243718866402,0.44680851063829785,47
USDCHF Curncy,0.0005954930716406767,0.39473684210526316,38
NZDUSD Curncy,0.041147199483523675,0.4883720930232558,43
USDNOK Curncy,-0.08062178221415255,0.5,36
USDSEK Curncy,-0.015920905739097244,0.5,30
AUDJPY Curncy,0.01673031303176897,0.5476190476190477,42
EURJPY Curncy,0.06448667404382237,0.574468085106383,47
CADJPY Curncy,0.023528869589638,0.4864864864864865,37
EURCHF Curncy,-0.019549935640915204,0.5333333333333333,30
EURGBP Curncy,0.10635611733012017,0.6521739130434783,46
NOKSEK Curncy,0.07096871362438444,0.43333333333333335,30
USDCNH Curncy,-0.05338104166933761,0.2571428571428571,35
USDCNY Curncy,-0.07206472537718289,0.42105263157894735,38
USDMXN Curncy,-0.04343472958199661,0.33962264150943394,53
USDBRL Curncy,0.03572926664913249,0.5,30
USDZAR Curncy,0.02103698194928256,0.42857142857142855,42
USDTRY Curncy,-0.15267035054139222,0.32142857142857145,56
USDCOP Curncy,0.02670148537818308,0.44680851063829785,47
USDCLP Curncy,0.00257933775261714,0.4482758620689655,29
USDIDR Curncy,-0.06709996097298633,0.4827586206896552,58
USDINR Curncy,-0.03284414323988741,0.5238095238095238,42
USDKRW Curncy,0.017578341663858812,0.5135135135135135,37
USDTWD Curncy,-0.04614738183751788,0.484375,64
USDSGD Curncy,-0.07031488608429148,0.32142857142857145,28
USDPLN Curncy,0.04836974891375509,0.5,32
USDHUF Curncy,0.0435037449872495,0.6458333333333334,48
USDCZK Curncy,-0.009645862486452415,0.5531914893617021,47
USDHKD Curncy,-0.038075391268780026,0.34782608695652173,46
SAR12M Curncy,0.04349517445573252,0.5692307692307692,65
FXJPEMCI Index,-0.036724025718664816,0.3548387096774194,31
FXCTG10 Index,-0.016074802698746633,0.42857142857142855,42
FXCTEM8 Index,0.007530848136048488,0.8666666666666667,15
CL1 Comdty,-0.017900996223389202,0.40425531914893614,47
CL12 Comdty,0.07654603491320082,0.6,55
CO1 Comdty,-0.004881480301789036,0.5263157894736842,19
NG1 Comdty,0.06375595176311913,0.4444444444444444,36
XB1 Comdty,0.07572320152576456,0.6458333333333334,48
HO1 Comdty,0.05984299583912735,0.525,40
QS1 Comdty,-0.047314360685828886,0.5,24
MO1 Comdty,0.010277694920542353,0.5151515151515151,66
TTFG1MON OECM Index,0.03350345167870278,0.375,32
JGL1 Comdty,-0.0009874490022323814,0.45454545454545453,11
XW1 Comdty,-0.11540894529485235,0.4675324675324675,77
URA US Equity,-0.011396136869385204,0.4897959183673469,49
CCJ US Equity,0.02867539854971672,0.5416666666666666,48
GC1 Comdty,0.0011414557418875776,0.5476190476190477,42
SI1 Comdty,-0.018605125515717247,0.46511627906976744,43
PL1 Comdty,0.03516575039618163,0.391304347826087,46
PA1 Comdty,0.057589871531595636,0.5769230769230769,52
HG1 Comdty,0.03719275672265489,0.4358974358974359,39
LMAHDS03 Comdty,0.008583483293040182,0.5510204081632653,49
LMNIDS03 Comdty,0.007241670093900457,0.5641025641025641,39
LMZSDS03 Comdty,0.0058754006309723215,0.4634146341463415,41
LMSNDS03 Comdty,0.1147298600982818,0.6041666666666666,48
LMPBDS03 Comdty,0.06912205964398775,0.4594594594594595,37
SCO1 Comdty,0.012381659222556367,0.41379310344827586,58
RBT1 Comdty,0.007433162702417726,0.425531914893617,47
LIT US Equity,0.007446860582891859,0.5531914893617021,47
REMX US Equity,-0.09792111170013885,0.4909090909090909,55
ALB US Equity,0.0207548668469393,0.5652173913043478,46
SQM US Equity,-0.026853427331452986,0.4146341463414634,41
C 1 Comdty,0.105109784566483,0.5789473684210527,57
S 1 Comdty,0.026779485919572802,0.5555555555555556,54
W 1 Comdty,0.009108795335688353,0.44642857142857145,56
KW1 Comdty,0.05392017786336196,0.6052631578947368,38
BO1 Comdty,0.05564434517496971,0.6190476190476191,42
SM1 Comdty,0.08764950554639475,0.6170212765957447,47
KO1 Comdty,-0.005450694382500039,0.5,40
RS1 Comdty,0.007176214112336064,0.5555555555555556,54
SB1 Comdty,0.010809208545490012,0.4375,48
KC1 Comdty,0.006852936146096642,0.5384615384615384,39
DF1 Comdty,0.03041056301084148,0.6136363636363636,44
CC1 Comdty,-0.02816304944021482,0.5510204081632653,49
QC1 Comdty,0.029556745696232938,0.47058823529411764,51
CT1 Comdty,0.05409917072354685,0.5454545454545454,44
LC1 Comdty,0.11069359710757022,0.7,50
FC1 Comdty,0.10088025796582915,0.5,30
LH1 Comdty,0.02588927368500867,0.4406779661016949,59
BDIY Index,-0.28239782725485685,0.5,26
BIDY Index,-0.14142345397713466,0.35135135135135137,74
BITY Index,-0.12667746801938715,0.5238095238095238,42
MAERSKB DC Equity,-0.01012169527659224,0.6222222222222222,45
1919 HK Equity,-0.03660962265207584,0.40540540540540543,37
2603 TT Equity,-0.0636096859399357,0.43478260869565216,46
BCOM Index,-0.032010521055041805,0.37735849056603776,53
SPGSCI Index,0.05305286432184656,0.59375,64
BCOMEN Index,0.008195708147854735,0.5641025641025641,39
BCOMIN Index,0.016072105519990023,0.46153846153846156,52
BCOMAG Index,0.025349308169598735,0.5689655172413793,58
BCOMPR Index,-0.002538078230203629,0.543859649122807,57
XBTUSD Curncy,-0.13153981367715487,0.4098360655737705,61
VNQ US Equity,0.0005489289010022601,0.6097560975609756,41
REM US Equity,0.026806667365456335,0.6571428571428571,35
BXP US Equity,0.03302870513941433,0.5294117647058824,51
VNO US Equity,-0.007793428303426879,0.5245901639344263,61
SLG US Equity,-0.017099257871358117,0.5833333333333334,48
EQIX US Equity,0.04323613028621243,0.4634146341463415,41
DLR US Equity,0.045647692726200714,0.4426229508196721,61
CESIUSD Index,-0.0813456960836049,0.4074074074074074,54
CESIEUR Index,-0.11272057080510878,0.3958333333333333,48
CESICNY Index,-0.06594267839696652,0.5510204081632653,49
CESIJPY Index,-0.05095540960161918,0.5555555555555556,63
BFCIUS Index,0.008406257023764454,0.4878048780487805,41
CL2 Comdty,0.04060264393773713,0.5348837209302325,43
CL3 Comdty,0.04558621876693611,0.5106382978723404,47
CL6 Comdty,0.07089006794643363,0.5,48
CL24 Comdty,0.012986845217433929,0.4772727272727273,44
CL36 Comdty,0.043749821676987974,0.6829268292682927,41
CO2 Comdty,0.03928826845506663,0.5142857142857142,35
CO3 Comdty,0.057095046012698804,0.5238095238095238,42
CO6 Comdty,0.03889426441873927,0.4791666666666667,48
CO12 Comdty,0.004124531071935682,0.5333333333333333,45
CO24 Comdty,-0.012819684248955899,0.5,46
NG2 Comdty,-0.014369029020386458,0.46,50
NG3 Comdty,-0.00671458123063704,0.5333333333333333,60
NG6 Comdty,0.0543579466731489,0.6078431372549019,51
NG13 Comdty,0.0058896166184388065,0.6041666666666666,48
NG24 Comdty,0.08687515668880483,0.5227272727272727,44
XB2 Comdty,-0.0664726724939215,0.4,40
XB3 Comdty,0.03568096238412244,0.5952380952380952,42
XB6 Comdty,0.0648417053495454,0.5625,48
XB12 Comdty,-0.018444465218080523,0.5,42
HO2 Comdty,-0.01001242509773149,0.41025641025641024,39
HO3 Comdty,0.028949995375249015,0.425,40
HO6 Comdty,0.07432040969110228,0.5882352941176471,51
HO12 Comdty,0.03350385270136268,0.6046511627906976,43
QS2 Comdty,-0.0379045689033811,0.5666666666666667,30
QS3 Comdty,0.019557199066130515,0.5,44
QS6 Comdty,-0.015644088983847688,0.32558139534883723,43
QS12 Comdty,0.0521438899629337,0.5,48
MO2 Comdty,-0.023177495085808186,0.5081967213114754,61
MO3 Comdty,-0.03571831343931934,0.47619047619047616,42
GC2 Comdty,-0.002477782905732893,0.5,48
GC3 Comdty,0.008910158747232694,0.5434782608695652,46
GC6 Comdty,-0.015813957378199562,0.4444444444444444,45
SI2 Comdty,-0.006011260355029412,0.42857142857142855,42
SI3 Comdty,-0.009558880443382493,0.325,40
PL2 Comdty,-0.00211755232242356,0.3617021276595745,47
PA2 Comdty,0.0428452131373497,0.5833333333333334,48
HG2 Comdty,0.04817339163554639,0.5897435897435898,39
HG3 Comdty,0.0840565729758745,0.6571428571428571,35
HG6 Comdty,0.027049101988056316,0.4375,32
HG12 Comdty,-0.04589125059189621,0.4827586206896552,29
SCO2 Comdty,0.04630305629918782,0.6666666666666666,33
SCO3 Comdty,0.02421048828072963,0.6428571428571429,42
SCO6 Comdty,0.031766397450165136,0.5666666666666667,30
SCO12 Comdty,0.015055162831983911,0.47368421052631576,38
RBT2 Comdty,0.014525652917996297,0.3617021276595745,47
RBT3 Comdty,0.026330868719748622,0.58,50
C 2 Comdty,-0.034271038910860877,0.46938775510204084,49
C 3 Comdty,0.02520504877166084,0.5416666666666666,48
C 5 Comdty,0.0026302884352657307,0.4791666666666667,48
S 2 Comdty,0.03482381847597622,0.5476190476190477,42
S 3 Comdty,0.008279776920311973,0.4745762711864407,59
S 7 Comdty,-0.0047917722374902424,0.4782608695652174,46
W 2 Comdty,-0.004607403679835148,0.6666666666666666,33
W 3 Comdty,0.04786625604476356,0.5526315789473685,38
W 5 Comdty,-0.005074654088097086,0.4594594594594595,37
KW2 Comdty,0.05301341934662417,0.5833333333333334,48
KW3 Comdty,0.001300366347095077,0.4117647058823529,34
BO2 Comdty,0.011222480862647929,0.6129032258064516,31
BO3 Comdty,-0.028160033587210573,0.5510204081632653,49
SM2 Comdty,-0.04243464648659293,0.5714285714285714,42
SM3 Comdty,-0.01622730722337598,0.5416666666666666,48
RS2 Comdty,0.0517034453121466,0.574468085106383,47
RS3 Comdty,0.03636348322623878,0.46511627906976744,43
KO2 Comdty,0.005632179957333453,0.42857142857142855,28
KO3 Comdty,0.07159198710277549,0.5581395348837209,43
KO6 Comdty,0.03606412269541919,0.44680851063829785,47
SB2 Comdty,0.03103420159381493,0.5116279069767442,43
SB3 Comdty,-0.04876726123240986,0.5675675675675675,37
SB4 Comdty,0.049925778662776255,0.4166666666666667,36
KC2 Comdty,-0.03549161244333087,0.4888888888888889,45
KC3 Comdty,-0.034268681062441686,0.5111111111111111,45
KC5 Comdty,0.04328368686973234,0.5217391304347826,46
DF2 Comdty,-0.03704328759833879,0.4883720930232558,43
DF3 Comdty,0.027585384751721016,0.5172413793103449,58
CC2 Comdty,0.03377494376518378,0.5135135135135135,37
CC3 Comdty,0.044635951285581545,0.41379310344827586,29
CC5 Comdty,0.13133968644347715,0.6578947368421053,38
QC2 Comdty,-0.030207055509413633,0.29545454545454547,44
QC3 Comdty,-0.0297520723730977,0.4634146341463415,41
CT2 Comdty,0.05658519542963043,0.56,50
CT3 Comdty,0.01087675404699527,0.425,40
CT5 Comdty,-0.02642528371842659,0.4318181818181818,44
LC2 Comdty,-0.00800738063298079,0.40476190476190477,42
LC3 Comdty,0.007881356543171115,0.43243243243243246,37
LC6 Comdty,0.01200906641215412,0.5897435897435898,39
FC2 Comdty,0.04568742509173346,0.6111111111111112,36
FC3 Comdty,0.02515587382420359,0.6190476190476191,42
LH2 Comdty,0.060574418277368876,0.6909090909090909,55
LH3 Comdty,-0.014683151513657327,0.44642857142857145,56
LH4 Comdty,-0.0216743139036111,0.4489795918367347,49
LMCADY Comdty,0.01755322937123713,0.48717948717948717,39
LMCADS03 Comdty,0.00037089036989258284,0.6285714285714286,35
LMCADS15 Comdty,0.056323409816217695,0.5128205128205128,39
LMCADS27 Comdty,0.047395106322194076,0.6739130434782609,46
LMAHDY Comdty,-0.0017653252261542055,0.5166666666666667,60
LMAHDS15 Comdty,0.06378334225786225,0.5454545454545454,44
LMAHDS27 Comdty,0.057216628150427,0.5652173913043478,46
LMNIDY Comdty,0.03114545665324958,0.6111111111111112,36
LMNIDS15 Comdty,-0.015057586251334958,0.4444444444444444,54
LMZSDY Comdty,-0.0037412876394120496,0.5238095238095238,42
LMZSDS15 Comdty,0.026885500817784007,0.5384615384615384,39
LMSNDY Comdty,-0.00045649712702433494,0.5555555555555556,54
LMPBDY Comdty,0.0006215696679882908,0.6585365853658537,41
TTFG2MON BCFV Index,0.010867330923553476,0.53125,32
TTFG3MON BCFV Index,0.015135838372416785,0.43902439024390244,41
TTFG6MON BCFV Index,0.017389495867466753,0.46808510638297873,47
